Wavelength(um),Flux(Jy),Error(Jy),BG(Jy),Order,Module
2.85747,0.0152843,0,0,0,-2
2.85894,0.0153764,0,0,0,-2
2.86041,0.00667577,0,0,0,-2
2.86187,0.0103122,0,0,0,-2
2.86334,0.0149948,0,0,0,-2
2.8648,-0.00767498,0,0,0,-2
2.86627,0.0228879,0,0,0,-2
2.86773,0.0257424,0,0,0,-2
2.86919,0.00791293,0,0,0,-2
2.87065,0.018701,0,0,0,-2
2.87211,0.0154394,0,0,0,-2
2.87357,0.00401054,0,0,0,-2
2.87503,0.0054385,0,0,0,-2
2.87649,0.013344,0,0,0,-2
2.87795,0.012187,0,0,0,-2
2.87941,0.00958883,0,0,0,-2
2.88087,-0.00222792,0,0,0,-2
2.88232,-0.00418562,0,0,0,-2
2.88378,0.0111473,0,0,0,-2
2.88524,0.00943779,0,0,0,-2
2.88669,0.00458411,0,0,0,-2
2.88814,0.00362712,0,0,0,-2
2.8896,0.00907606,0,0,0,-2
2.89105,0.010702,0,0,0,-2
2.8925,0.00213139,0,0,0,-2
2.89396,0.000149643,0,0,0,-2
2.89541,0.00519461,0,0,0,-2
2.89686,0.0063027,0,0,0,-2
2.89831,0.0174411,0,0,0,-2
2.89976,0.0245057,0,0,0,-2
2.90121,0.0208916,0,0,0,-2
2.90266,0.0113313,0,0,0,-2
2.90411,-0.00354626,0,0,0,-2
2.90555,-0.00815739,0,0,0,-2
2.907,-0.00192743,0,0,0,-2
2.90845,0.0069811,0,0,0,-2
2.90989,0.00923071,0,0,0,-2
2.91134,0.0103447,0,0,0,-2
2.91278,0.0173261,0,0,0,-2
2.91423,0.0087135,0,0,0,-2
2.91567,0.00325078,0,0,0,-2
2.91711,0.00600772,0,0,0,-2
2.91856,0.00610822,0,0,0,-2
2.92,0.0143036,0,0,0,-2
2.92144,0.0353887,0,0,0,-2
2.92288,0.0429057,0,0,0,-2
2.92432,0.0241645,0,0,0,-2
2.92576,-0.000213696,0,0,0,-2
2.9272,0.00107002,0,0,0,-2
2.92864,0.00848491,0,0,0,-2
2.93008,0.00505596,0,0,0,-2
2.93152,0.00204809,0,0,0,-2
2.93296,0.00305661,0,0,0,-2
2.9344,-0.00505138,0,0,0,-2
2.93583,-0.00321514,0,0,0,-2
2.93727,0.00872566,0,0,0,-2
2.93871,0.0114229,0,0,0,-2
2.94014,0.00764131,0,0,0,-2
2.94158,-0.00401961,0,0,0,-2
2.94301,-0.00763186,0,0,0,-2
2.94444,0.00547285,0,0,0,-2
2.94588,0.00691065,0,0,0,-2
2.94731,-0.000867043,0,0,0,-2
2.94874,0.00219708,0,0,0,-2
2.95018,0.00297185,0,0,0,-2
2.95161,-0.00186771,0,0,0,-2
2.95304,0.00187237,0,0,0,-2
2.95447,0.00706201,0,0,0,-2
2.9559,0.008056,0,0,0,-2
2.95733,0.00743699,0,0,0,-2
2.95876,0.00678089,0,0,0,-2
2.96019,0.00431061,0,0,0,-2
2.96162,0.00244458,0,0,0,-2
2.96305,0.00163407,0,0,0,-2
2.96448,-7.19E-05,0,0,0,-2
2.9659,0.00701946,0,0,0,-2
2.96733,0.0100894,0,0,0,-2
2.96876,0.00979813,0,0,0,-2
2.97018,-0.0123533,0,0,0,-2
2.97161,-0.021402,0,0,0,-2
2.97304,-0.00666846,0,0,0,-2
2.97446,-0.0019173,0,0,0,-2
2.97589,-0.00418724,0,0,0,-2
2.97731,-0.00164783,0,0,0,-2
2.97873,-0.000723816,0,0,0,-2
2.98016,-0.00205469,0,0,0,-2
2.98158,-0.00136814,0,0,0,-2
2.983,0.00125703,0,0,0,-2
2.98443,-0.000343833,0,0,0,-2
2.98585,0.00188636,0,0,0,-2
2.98727,0.00392588,0,0,0,-2
2.98869,0.00244027,0,0,0,-2
2.99011,0.00245386,0,0,0,-2
2.99153,0.00213502,0,0,0,-2
2.99295,0.00252138,0,0,0,-2
2.99437,0.00199228,0,0,0,-2
2.99579,0.00113722,0,0,0,-2
2.99721,0.00394055,0,0,0,-2
2.99863,0.00835657,0,0,0,-2
3.00005,0.00826727,0,0,0,-2
3.00147,0.00358484,0,0,0,-2
3.00289,0.00156142,0,0,0,-2
3.0043,0.00362337,0,0,0,-2
3.00572,0.00606479,0,0,0,-2
3.00714,0.00858958,0,0,0,-2
3.00856,0.00757323,0,0,0,-2
3.00997,0.00264617,0,0,0,-2
3.01139,0.00599107,0,0,0,-2
3.0128,0.00722161,0,0,0,-2
3.01422,0.00252221,0,0,0,-2
3.01563,-0.000212294,0,0,0,-2
3.01705,0.000170141,0,0,0,-2
3.01846,0.00571945,0,0,0,-2
3.01988,0.00302017,0,0,0,-2
3.02129,0.00289782,0,0,0,-2
3.02271,0.00374757,0,0,0,-2
3.02412,0.0041775,0,0,0,-2
3.02553,0.00302684,0,0,0,-2
3.02694,0.00173558,0,0,0,-2
3.02836,0.00242505,0,0,0,-2
3.02977,0.00398598,0,0,0,-2
3.03118,0.00227074,0,0,0,-2
3.03259,-0.000527782,0,0,0,-2
3.034,-0.000730517,0,0,0,-2
3.03541,0.00250226,0,0,0,-2
3.03682,0.00519031,0,0,0,-2
3.03824,0.000936593,0,0,0,-2
3.03965,0.000771991,0,0,0,-2
3.04106,0.0120823,0,0,0,-2
3.04246,0.00857745,0,0,0,-2
3.04387,0.0033498,0,0,0,-2
3.04528,0.00774267,0,0,0,-2
3.04669,0.00612908,0,0,0,-2
3.0481,0.00319461,0,0,0,-2
3.04951,0.00553235,0,0,0,-2
3.05092,0.00650669,0,0,0,-2
3.05233,0.000878538,0,0,0,-2
3.05373,0.018975,0,0,0,-2
3.05514,0.0393736,0,0,0,-2
3.05655,0.0221612,0,0,0,-2
3.05795,0.00498227,0,0,0,-2
3.05936,0.000780675,0,0,0,-2
3.06077,0.00124809,0,0,0,-2
3.06217,0.00234765,0,0,0,-2
3.06358,0.00040044,0,0,0,-2
3.06499,-0.00149219,0,0,0,-2
3.06639,-0.00068623,0,0,0,-2
3.0678,0.000315128,0,0,0,-2
3.0692,0.00783052,0,0,0,-2
3.07061,0.0123431,0,0,0,-2
3.07201,0.00191981,0,0,0,-2
3.07342,-0.000247709,0,0,0,-2
3.07482,0.00369043,0,0,0,-2
3.07623,0.00586732,0,0,0,-2
3.07763,0.00402189,0,0,0,-2
3.07903,0.000689596,0,0,0,-2
3.08044,0.00691708,0,0,0,-2
3.08184,0.00796283,0,0,0,-2
3.08324,0.000510303,0,0,0,-2
3.08465,-0.00276686,0,0,0,-2
3.08605,-0.00401156,0,0,0,-2
3.08745,-0.00142097,0,0,0,-2
3.08885,0.00144063,0,0,0,-2
3.09026,0.00267402,0,0,0,-2
3.09166,0.00505281,0,0,0,-2
3.09306,0.000604033,0,0,0,-2
3.09446,-0.00187962,0,0,0,-2
3.09586,0.00370307,0,0,0,-2
3.09726,0.0141424,0,0,0,-2
3.09867,0.0114186,0,0,0,-2
3.10007,0.00376367,0,0,0,-2
3.10147,0.00487453,0,0,0,-2
3.10287,0.00637066,0,0,0,-2
3.10427,0.00308532,0,0,0,-2
3.10567,-0.00590577,0,0,0,-2
3.10707,-0.0082661,0,0,0,-2
3.10847,-0.00270327,0,0,0,-2
3.10987,0.00116638,0,0,0,-2
3.11127,0.00411269,0,0,0,-2
3.11267,0.0045526,0,0,0,-2
3.11407,-0.00101224,0,0,0,-2
3.11547,0.0033036,0,0,0,-2
3.11687,0.00889792,0,0,0,-2
3.11827,0.00516399,0,0,0,-2
3.11967,0.00145511,0,0,0,-2
3.12107,0.00114608,0,0,0,-2
3.12246,0.0016513,0,0,0,-2
3.12386,0.00308682,0,0,0,-2
3.12526,0.00251538,0,0,0,-2
3.12666,0.00108354,0,0,0,-2
3.12806,-0.00333923,0,0,0,-2
3.12946,0.00362622,0,0,0,-2
3.13085,0.00918621,0,0,0,-2
3.13225,0.00519486,0,0,0,-2
3.13365,0.00523427,0,0,0,-2
3.13505,0.00766189,0,0,0,-2
3.13645,0.00613496,0,0,0,-2
3.13784,0.00160613,0,0,0,-2
3.13924,0.00253853,0,0,0,-2
3.14064,0.00612709,0,0,0,-2
3.14204,0.00562142,0,0,0,-2
3.14343,0.00543964,0,0,0,-2
3.14483,0.00799301,0,0,0,-2
3.14623,0.00884044,0,0,0,-2
3.14762,0.00675561,0,0,0,-2
3.14902,0.00542732,0,0,0,-2
3.15042,0.00453545,0,0,0,-2
3.15181,0.00491112,0,0,0,-2
3.15321,0.00462697,0,0,0,-2
3.15461,0.00510916,0,0,0,-2
3.156,0.00689111,0,0,0,-2
3.1574,0.004358,0,0,0,-2
3.15879,0.00146878,0,0,0,-2
3.16019,0.00138109,0,0,0,-2
3.16159,0.000815915,0,0,0,-2
3.16298,0.00238672,0,0,0,-2
3.16438,0.00371517,0,0,0,-2
3.16577,0.0031708,0,0,0,-2
3.16717,0.00344347,0,0,0,-2
3.16857,0.00442506,0,0,0,-2
3.16996,0.00375839,0,0,0,-2
3.17136,0.00375505,0,0,0,-2
3.17275,0.00434672,0,0,0,-2
3.17415,0.0071541,0,0,0,-2
3.17554,0.00784115,0,0,0,-2
3.17694,0.00537082,0,0,0,-2
3.17833,0.00420574,0,0,0,-2
3.17973,0.0046764,0,0,0,-2
3.18113,0.00559929,0,0,0,-2
3.18252,0.00590235,0,0,0,-2
3.18392,0.00636742,0,0,0,-2
3.18531,0.00804165,0,0,0,-2
3.18671,0.00666082,0,0,0,-2
3.1881,0.00784736,0,0,0,-2
3.1895,0.00933356,0,0,0,-2
3.19089,0.00784726,0,0,0,-2
3.19229,0.0117125,0,0,0,-2
3.19368,0.0136871,0,0,0,-2
3.19508,0.0103783,0,0,0,-2
3.19647,0.00409202,0,0,0,-2
3.19787,0.00935444,0,0,0,-2
3.19926,0.0128498,0,0,0,-2
3.20065,0.00614823,0,0,0,-2
3.20205,0.00588139,0,0,0,-2
3.20344,-0.00388949,0,0,0,-2
3.20484,0.000420595,0,0,0,-2
3.20623,0.0142649,0,0,0,-2
3.20763,0.00255896,0,0,0,-2
3.20902,-0.00956576,0,0,0,-2
3.21042,0.00611654,0,0,0,-2
3.21181,0.0174638,0,0,0,-2
3.21321,0.0118509,0,0,0,-2
3.2146,0.0134389,0,0,0,-2
3.216,0.0112732,0,0,0,-2
3.21739,0.00885234,0,0,0,-2
3.21879,0.00906922,0,0,0,-2
3.22018,0.0217656,0,0,0,-2
3.22158,0.0234154,0,0,0,-2
3.22297,0.0254668,0,0,0,-2
3.22436,0.0283275,0,0,0,-2
3.22576,0.0133159,0,0,0,-2
3.22715,0.00778075,0,0,0,-2
3.22855,0.0083818,0,0,0,-2
3.22994,0.0121938,0,0,0,-2
3.23134,0.0150233,0,0,0,-2
3.23273,0.0111009,0,0,0,-2
3.23413,0.0107582,0,0,0,-2
3.23552,0.0100082,0,0,0,-2
3.23692,0.0115497,0,0,0,-2
3.23831,0.0120383,0,0,0,-2
3.23971,0.0166646,0,0,0,-2
3.2411,0.0201207,0,0,0,-2
3.2425,0.0138921,0,0,0,-2
3.24389,0.00864231,0,0,0,-2
3.24529,0.00950885,0,0,0,-2
3.24668,0.005367,0,0,0,-2
3.24808,0.0125191,0,0,0,-2
3.24947,0.0239305,0,0,0,-2
3.25087,0.0242511,0,0,0,-2
3.25226,0.0171225,0,0,0,-2
3.25366,0.0125915,0,0,0,-2
3.25505,0.0154565,0,0,0,-2
3.25645,0.0203333,0,0,0,-2
3.25784,0.0213999,0,0,0,-2
3.25924,0.0102333,0,0,0,-2
3.26063,0.00411247,0,0,0,-2
3.26203,0.00654102,0,0,0,-2
3.26342,0.0170059,0,0,0,-2
3.26482,0.0210454,0,0,0,-2
3.26621,0.0199467,0,0,0,-2
3.26761,0.0216135,0,0,0,-2
3.269,0.0191921,0,0,0,-2
3.2704,0.00398123,0,0,0,-2
3.2718,0.00960133,0,0,0,-2
3.27319,0.0214866,0,0,0,-2
3.27459,0.0205566,0,0,0,-2
3.27598,0.0245193,0,0,0,-2
3.27738,0.0233256,0,0,0,-2
3.27878,0.0230545,0,0,0,-2
3.28017,0.0249266,0,0,0,-2
3.28157,0.020437,0,0,0,-2
3.28296,0.0188526,0,0,0,-2
3.28436,0.0210604,0,0,0,-2
3.28576,0.0202332,0,0,0,-2
3.28715,0.0183245,0,0,0,-2
3.28855,0.0180621,0,0,0,-2
3.28994,0.02049,0,0,0,-2
3.29134,0.0253617,0,0,0,-2
3.29274,0.0345662,0,0,0,-2
3.29413,0.0413753,0,0,0,-2
3.29553,0.0501002,0,0,0,-2
3.29693,0.0523952,0,0,0,-2
3.29833,0.0342025,0,0,0,-2
3.29972,0.02066,0,0,0,-2
3.30112,0.0208509,0,0,0,-2
3.30252,0.0183431,0,0,0,-2
3.30391,0.0119909,0,0,0,-2
3.30531,0.0182824,0,0,0,-2
3.30671,0.0262756,0,0,0,-2
3.30811,0.0271074,0,0,0,-2
3.3095,0.0298432,0,0,0,-2
3.3109,0.0538234,0,0,0,-2
3.3123,0.0373345,0,0,0,-2
3.3137,0.175146,0,0,0,-2
3.31509,0.0306148,0,0,0,-2
3.31649,-0.0707491,0,0,0,-2
3.31789,0.0272701,0,0,0,-2
3.31929,0.0254247,0,0,0,-2
3.32069,0.0278523,0,0,0,-2
3.32208,0.0233014,0,0,0,-2
3.32348,0.0163738,0,0,0,-2
3.32488,0.023063,0,0,0,-2
3.32628,0.0307995,0,0,0,-2
3.32768,0.026343,0,0,0,-2
3.32908,0.0235339,0,0,0,-2
3.33048,0.0272519,0,0,0,-2
3.33188,0.02516,0,0,0,-2
3.33327,0.0250415,0,0,0,-2
3.33467,0.027225,0,0,0,-2
3.33607,0.0259935,0,0,0,-2
3.33747,0.0253578,0,0,0,-2
3.33887,0.0234916,0,0,0,-2
3.34027,0.0307496,0,0,0,-2
3.34167,0.0366023,0,0,0,-2
3.34307,0.0318697,0,0,0,-2
3.34447,0.0264297,0,0,0,-2
3.34587,0.0320343,0,0,0,-2
3.34727,0.0345538,0,0,0,-2
3.34867,0.030615,0,0,0,-2
3.35007,0.0313222,0,0,0,-2
3.35147,0.0327111,0,0,0,-2
3.35287,0.0334564,0,0,0,-2
3.35427,0.0347375,0,0,0,-2
3.35567,0.0345374,0,0,0,-2
3.35707,0.0357677,0,0,0,-2
3.35847,0.0333787,0,0,0,-2
3.35988,0.0302359,0,0,0,-2
3.36128,0.0276705,0,0,0,-2
3.36268,0.0279557,0,0,0,-2
3.36408,0.0291024,0,0,0,-2
3.36548,0.0292194,0,0,0,-2
3.36688,0.0341709,0,0,0,-2
3.36828,0.0328587,0,0,0,-2
3.36969,0.0288563,0,0,0,-2
3.37109,0.0295405,0,0,0,-2
3.37249,0.029819,0,0,0,-2
3.37389,0.0289798,0,0,0,-2
3.3753,0.0311041,0,0,0,-2
3.3767,0.0347923,0,0,0,-2
3.3781,0.0347314,0,0,0,-2
3.3795,0.0311184,0,0,0,-2
3.38091,0.0338862,0,0,0,-2
3.38231,0.0391601,0,0,0,-2
3.38371,0.0331716,0,0,0,-2
3.38512,0.0277414,0,0,0,-2
3.38652,0.0322292,0,0,0,-2
3.38792,0.0338914,0,0,0,-2
3.38933,0.0336778,0,0,0,-2
3.39073,0.0349019,0,0,0,-2
3.39213,0.0342569,0,0,0,-2
3.39354,0.0378312,0,0,0,-2
3.39494,0.037223,0,0,0,-2
3.39635,0.0356085,0,0,0,-2
3.39775,0.0367999,0,0,0,-2
3.39916,0.0346704,0,0,0,-2
3.40056,0.0340403,0,0,0,-2
3.40196,0.0361434,0,0,0,-2
3.40337,0.0341088,0,0,0,-2
3.40477,0.0358635,0,0,0,-2
3.40618,0.0348334,0,0,0,-2
3.40759,0.0319387,0,0,0,-2
3.40899,0.0351522,0,0,0,-2
3.4104,0.037538,0,0,0,-2
3.4118,0.0367184,0,0,0,-2
3.41321,0.0395296,0,0,0,-2
3.41461,0.038102,0,0,0,-2
3.41602,0.0349349,0,0,0,-2
3.41743,0.0350431,0,0,0,-2
3.41883,0.0375798,0,0,0,-2
3.42024,0.039629,0,0,0,-2
3.42165,0.0409962,0,0,0,-2
3.42305,0.0423148,0,0,0,-2
3.42446,0.0410858,0,0,0,-2
3.42587,0.0356011,0,0,0,-2
3.42727,0.0337975,0,0,0,-2
3.42868,0.0357242,0,0,0,-2
3.43009,0.034508,0,0,0,-2
3.4315,0.0355935,0,0,0,-2
3.4329,0.0387571,0,0,0,-2
3.43431,0.0373913,0,0,0,-2
3.43572,0.0367115,0,0,0,-2
3.43713,0.0382786,0,0,0,-2
3.43854,0.038581,0,0,0,-2
3.43995,0.0384344,0,0,0,-2
3.44135,0.0376659,0,0,0,-2
3.44276,0.0369924,0,0,0,-2
3.44417,0.0390421,0,0,0,-2
3.44558,0.0421207,0,0,0,-2
3.44699,0.0435021,0,0,0,-2
3.4484,0.0431175,0,0,0,-2
3.44981,0.042727,0,0,0,-2
3.45122,0.0392924,0,0,0,-2
3.45263,0.035581,0,0,0,-2
3.45404,0.0385148,0,0,0,-2
3.45545,0.0420007,0,0,0,-2
3.45686,0.0430306,0,0,0,-2
3.45827,0.0420925,0,0,0,-2
3.45968,0.0386205,0,0,0,-2
3.46109,0.0384315,0,0,0,-2
3.4625,0.0407122,0,0,0,-2
3.46391,0.0436481,0,0,0,-2
3.46532,0.043063,0,0,0,-2
3.46673,0.0419439,0,0,0,-2
3.46815,0.0415839,0,0,0,-2
3.46956,0.0421161,0,0,0,-2
3.47097,0.0436355,0,0,0,-2
3.47238,0.045041,0,0,0,-2
3.47379,0.044791,0,0,0,-2
3.4752,0.0435695,0,0,0,-2
3.47662,0.0444766,0,0,0,-2
3.47803,0.0448478,0,0,0,-2
3.47944,0.0419929,0,0,0,-2
3.48085,0.0395495,0,0,0,-2
3.48227,0.0387949,0,0,0,-2
3.48368,0.0427551,0,0,0,-2
3.48509,0.049041,0,0,0,-2
3.48651,0.0477708,0,0,0,-2
3.48792,0.0458256,0,0,0,-2
3.48933,0.0487539,0,0,0,-2
3.49075,0.0494954,0,0,0,-2
3.49216,0.0496796,0,0,0,-2
3.49357,0.0496905,0,0,0,-2
3.49499,0.0487575,0,0,0,-2
3.4964,0.0482704,0,0,0,-2
3.49782,0.0480473,0,0,0,-2
3.49923,0.0507655,0,0,0,-2
3.50065,0.0518804,0,0,0,-2
3.50206,0.0518248,0,0,0,-2
3.50348,0.0535515,0,0,0,-2
3.50489,0.0525312,0,0,0,-2
3.50631,0.0500424,0,0,0,-2
3.50772,0.0488009,0,0,0,-2
3.50914,0.0511518,0,0,0,-2
3.51055,0.0531877,0,0,0,-2
3.51197,0.0526062,0,0,0,-2
3.51339,0.0500905,0,0,0,-2
3.5148,0.0487808,0,0,0,-2
3.51622,0.0498315,0,0,0,-2
3.51763,0.0480578,0,0,0,-2
3.51905,0.0464501,0,0,0,-2
3.52047,0.0470876,0,0,0,-2
3.52188,0.0493625,0,0,0,-2
3.5233,0.0497782,0,0,0,-2
3.52472,0.0465874,0,0,0,-2
3.52614,0.0457123,0,0,0,-2
3.52755,0.0509129,0,0,0,-2
3.52897,0.0537703,0,0,0,-2
3.53039,0.0498657,0,0,0,-2
3.53181,0.0472532,0,0,0,-2
3.53323,0.0490467,0,0,0,-2
3.53464,0.0514755,0,0,0,-2
3.53606,0.050025,0,0,0,-2
3.53748,0.0483666,0,0,0,-2
3.5389,0.0493391,0,0,0,-2
3.54032,0.0456232,0,0,0,-2
3.54174,0.0439329,0,0,0,-2
3.54316,0.051133,0,0,0,-2
3.54457,0.0546528,0,0,0,-2
3.54599,0.053751,0,0,0,-2
3.54741,0.0556298,0,0,0,-2
3.54883,0.0575278,0,0,0,-2
3.55025,0.0545711,0,0,0,-2
3.55167,0.0562087,0,0,0,-2
3.55309,0.0582335,0,0,0,-2
3.55451,0.0579016,0,0,0,-2
3.55593,0.0586154,0,0,0,-2
3.55735,0.0554048,0,0,0,-2
3.55877,0.0578237,0,0,0,-2
3.56019,0.0628319,0,0,0,-2
3.56161,0.062765,0,0,0,-2
3.56304,0.0614731,0,0,0,-2
3.56446,0.0606209,0,0,0,-2
3.56588,0.0581983,0,0,0,-2
3.5673,0.0548353,0,0,0,-2
3.56872,0.0597918,0,0,0,-2
3.57014,0.0632382,0,0,0,-2
3.57156,0.0655583,0,0,0,-2
3.57299,0.0684065,0,0,0,-2
3.57441,0.0666077,0,0,0,-2
3.57583,0.0640306,0,0,0,-2
3.57725,0.0623529,0,0,0,-2
3.57867,0.0649455,0,0,0,-2
3.5801,0.068849,0,0,0,-2
3.58152,0.0687107,0,0,0,-2
3.58294,0.0675833,0,0,0,-2
3.58436,0.0675188,0,0,0,-2
3.58579,0.068081,0,0,0,-2
3.58721,0.0690831,0,0,0,-2
3.58863,0.0725902,0,0,0,-2
3.59006,0.0733694,0,0,0,-2
3.59148,0.0714904,0,0,0,-2
3.5929,0.0713748,0,0,0,-2
3.59433,0.0699629,0,0,0,-2
3.59575,0.0690191,0,0,0,-2
3.59718,0.0694077,0,0,0,-2
3.5986,0.0720013,0,0,0,-2
3.60002,0.0743456,0,0,0,-2
3.60145,0.0718497,0,0,0,-2
3.60287,0.0692792,0,0,0,-2
3.6043,0.0694668,0,0,0,-2
3.60572,0.0694281,0,0,0,-2
3.60715,0.0695453,0,0,0,-2
3.60857,0.0740685,0,0,0,-2
3.61,0.0798221,0,0,0,-2
3.61142,0.0824138,0,0,0,-2
3.61285,0.0844314,0,0,0,-2
3.61427,0.0790249,0,0,0,-2
3.6157,0.0731906,0,0,0,-2
3.61712,0.072418,0,0,0,-2
3.61855,0.0749579,0,0,0,-2
3.61997,0.0771331,0,0,0,-2
3.6214,0.0769359,0,0,0,-2
3.62283,0.0814164,0,0,0,-2
3.62425,0.0840287,0,0,0,-2
3.62568,0.0820321,0,0,0,-2
3.6271,0.0829332,0,0,0,-2
3.62853,0.0842023,0,0,0,-2
3.62996,0.0815495,0,0,0,-2
3.63138,0.0822593,0,0,0,-2
3.63281,0.0876801,0,0,0,-2
3.63424,0.0873774,0,0,0,-2
3.63566,0.0843371,0,0,0,-2
3.63709,0.0831931,0,0,0,-2
3.63852,0.084491,0,0,0,-2
3.63995,0.0842903,0,0,0,-2
3.64137,0.0820261,0,0,0,-2
3.6428,0.0850442,0,0,0,-2
3.64423,0.0860664,0,0,0,-2
3.64566,0.0834162,0,0,0,-2
3.64708,0.0854462,0,0,0,-2
3.64851,0.0870471,0,0,0,-2
3.64994,0.084878,0,0,0,-2
3.65137,0.0865501,0,0,0,-2
3.6528,0.0909447,0,0,0,-2
3.65422,0.0898612,0,0,0,-2
3.65565,0.0865688,0,0,0,-2
3.65708,0.0865982,0,0,0,-2
3.65851,0.0899858,0,0,0,-2
3.65994,0.0923293,0,0,0,-2
3.66137,0.0900592,0,0,0,-2
3.66279,0.0889778,0,0,0,-2
3.66422,0.0890198,0,0,0,-2
3.66565,0.0877434,0,0,0,-2
3.66708,0.0879907,0,0,0,-2
3.66851,0.0890057,0,0,0,-2
3.66994,0.0898127,0,0,0,-2
3.67137,0.0889233,0,0,0,-2
3.6728,0.0881988,0,0,0,-2
3.67423,0.0897673,0,0,0,-2
3.67565,0.0903681,0,0,0,-2
3.67708,0.0931138,0,0,0,-2
3.67851,0.0919842,0,0,0,-2
3.67994,0.0931915,0,0,0,-2
3.68137,0.0933097,0,0,0,-2
3.6828,0.0947507,0,0,0,-2
3.68423,0.0987996,0,0,0,-2
3.68566,0.101273,0,0,0,-2
3.68709,0.0988279,0,0,0,-2
3.68852,0.0932273,0,0,0,-2
3.68995,0.095105,0,0,0,-2
3.69138,0.100266,0,0,0,-2
3.69281,0.102554,0,0,0,-2
3.69424,0.103721,0,0,0,-2
3.69567,0.103665,0,0,0,-2
3.6971,0.101323,0,0,0,-2
3.69853,0.100694,0,0,0,-2
3.69996,0.0998816,0,0,0,-2
3.70139,0.0995784,0,0,0,-2
3.70282,0.100571,0,0,0,-2
3.70425,0.0984316,0,0,0,-2
3.70569,0.10077,0,0,0,-2
3.70712,0.101118,0,0,0,-2
3.70855,0.0987605,0,0,0,-2
3.70998,0.100526,0,0,0,-2
3.71141,0.106042,0,0,0,-2
3.71284,0.106777,0,0,0,-2
3.71427,0.105148,0,0,0,-2
3.7157,0.107794,0,0,0,-2
3.71713,0.108788,0,0,0,-2
3.71856,0.105201,0,0,0,-2
3.71999,0.103386,0,0,0,-2
3.72142,0.10306,0,0,0,-2
3.72286,0.101109,0,0,0,-2
3.72429,0.102213,0,0,0,-2
3.72572,0.103172,0,0,0,-2
3.72715,0.105557,0,0,0,-2
3.72858,0.108266,0,0,0,-2
3.73001,0.110183,0,0,0,-2
3.73144,0.110796,0,0,0,-2
3.73287,0.1102,0,0,0,-2
3.7343,0.112819,0,0,0,-2
3.73574,0.118135,0,0,0,-2
3.73717,0.124844,0,0,0,-2
3.7386,0.134752,0,0,0,-2
3.74003,0.137795,0,0,0,-2
3.74146,0.133177,0,0,0,-2
3.74289,0.127576,0,0,0,-2
3.74432,0.121129,0,0,0,-2
3.74576,0.118782,0,0,0,-2
3.74719,0.118881,0,0,0,-2
3.74862,0.117318,0,0,0,-2
3.75005,0.117256,0,0,0,-2
3.75148,0.114233,0,0,0,-2
3.75291,0.110241,0,0,0,-2
3.75434,0.11315,0,0,0,-2
3.75577,0.116409,0,0,0,-2
3.75721,0.114786,0,0,0,-2
3.75864,0.115191,0,0,0,-2
3.76007,0.117536,0,0,0,-2
3.7615,0.116755,0,0,0,-2
3.76293,0.112833,0,0,0,-2
3.76436,0.112695,0,0,0,-2
3.76579,0.110043,0,0,0,-2
3.76723,0.114315,0,0,0,-2
3.76866,0.122219,0,0,0,-2
3.77009,0.121862,0,0,0,-2
3.77152,0.122687,0,0,0,-2
3.77295,0.119664,0,0,0,-2
3.77438,0.121949,0,0,0,-2
3.77581,0.122207,0,0,0,-2
3.77724,0.117451,0,0,0,-2
3.77868,0.11543,0,0,0,-2
3.78011,0.116839,0,0,0,-2
3.78154,0.117747,0,0,0,-2
3.78297,0.117176,0,0,0,-2
3.7844,0.120102,0,0,0,-2
3.78583,0.117071,0,0,0,-2
3.78726,0.115726,0,0,0,-2
3.78869,0.118085,0,0,0,-2
3.79012,0.116748,0,0,0,-2
3.79155,0.116802,0,0,0,-2
3.79298,0.121066,0,0,0,-2
3.79442,0.119638,0,0,0,-2
3.79585,0.119173,0,0,0,-2
3.79728,0.121557,0,0,0,-2
3.79871,0.117137,0,0,0,-2
3.80014,0.112298,0,0,0,-2
3.80157,0.116114,0,0,0,-2
3.803,0.118048,0,0,0,-2
3.80443,0.116656,0,0,0,-2
3.80586,0.118032,0,0,0,-2
3.80729,0.119222,0,0,0,-2
3.80872,0.119733,0,0,0,-2
3.81015,0.118553,0,0,0,-2
3.81158,0.118309,0,0,0,-2
3.81301,0.117467,0,0,0,-2
3.81444,0.118843,0,0,0,-2
3.81587,0.122358,0,0,0,-2
3.8173,0.122476,0,0,0,-2
3.81873,0.12067,0,0,0,-2
3.82016,0.117331,0,0,0,-2
3.82159,0.114736,0,0,0,-2
3.82302,0.115932,0,0,0,-2
3.82445,0.114296,0,0,0,-2
3.82588,0.114963,0,0,0,-2
3.8273,0.115871,0,0,0,-2
3.82873,0.113397,0,0,0,-2
3.83016,0.116328,0,0,0,-2
3.83159,0.117566,0,0,0,-2
3.83302,0.115953,0,0,0,-2
3.83445,0.113646,0,0,0,-2
3.83588,0.116883,0,0,0,-2
3.83731,0.123156,0,0,0,-2
3.83873,0.121028,0,0,0,-2
3.84016,0.121951,0,0,0,-2
3.84159,0.127151,0,0,0,-2
3.84302,0.125391,0,0,0,-2
3.84445,0.120424,0,0,0,-2
3.84587,0.122972,0,0,0,-2
3.8473,0.123463,0,0,0,-2
3.84873,0.121838,0,0,0,-2
3.85016,0.121158,0,0,0,-2
3.85158,0.121724,0,0,0,-2
3.85301,0.123801,0,0,0,-2
3.85444,0.124782,0,0,0,-2
3.85587,0.126941,0,0,0,-2
3.85729,0.128121,0,0,0,-2
3.85872,0.130135,0,0,0,-2
3.86015,0.129235,0,0,0,-2
3.86157,0.128981,0,0,0,-2
3.863,0.127676,0,0,0,-2
3.86442,0.123398,0,0,0,-2
3.86585,0.127196,0,0,0,-2
3.86728,0.129378,0,0,0,-2
3.8687,0.131601,0,0,0,-2
3.87013,0.130834,0,0,0,-2
3.87155,0.125481,0,0,0,-2
3.87298,0.128633,0,0,0,-2
3.8744,0.134935,0,0,0,-2
3.87583,0.139161,0,0,0,-2
3.87725,0.134594,0,0,0,-2
3.87868,0.133892,0,0,0,-2
3.8801,0.135604,0,0,0,-2
3.88153,0.134133,0,0,0,-2
3.88295,0.134262,0,0,0,-2
3.88437,0.138441,0,0,0,-2
3.8858,0.135674,0,0,0,-2
3.88722,0.130594,0,0,0,-2
3.88864,0.13569,0,0,0,-2
3.89007,0.138285,0,0,0,-2
3.89149,0.137813,0,0,0,-2
3.89291,0.138793,0,0,0,-2
3.89433,0.136818,0,0,0,-2
3.89576,0.137881,0,0,0,-2
3.89718,0.139294,0,0,0,-2
3.8986,0.13822,0,0,0,-2
3.90002,0.140379,0,0,0,-2
3.90144,0.144308,0,0,0,-2
3.90287,0.146348,0,0,0,-2
3.90429,0.142968,0,0,0,-2
3.90571,0.138531,0,0,0,-2
3.90713,0.135801,0,0,0,-2
3.90855,0.140864,0,0,0,-2
3.90997,0.143343,0,0,0,-2
3.91139,0.139656,0,0,0,-2
3.91281,0.139598,0,0,0,-2
3.91423,0.141998,0,0,0,-2
3.91565,0.139099,0,0,0,-2
3.91707,0.141716,0,0,0,-2
3.91849,0.145297,0,0,0,-2
3.91991,0.145469,0,0,0,-2
3.92132,0.144251,0,0,0,-2
3.92274,0.148283,0,0,0,-2
3.92416,0.144299,0,0,0,-2
3.92558,0.139587,0,0,0,-2
3.927,0.141506,0,0,0,-2
3.92841,0.139764,0,0,0,-2
3.92983,0.139564,0,0,0,-2
3.93125,0.141478,0,0,0,-2
3.93266,0.141034,0,0,0,-2
3.93408,0.135928,0,0,0,-2
3.9355,0.133123,0,0,0,-2
3.93691,0.132247,0,0,0,-2
3.93833,0.134478,0,0,0,-2
3.93974,0.139054,0,0,0,-2
3.94116,0.144252,0,0,0,-2
3.94257,0.143359,0,0,0,-2
3.94399,0.144551,0,0,0,-2
3.9454,0.145198,0,0,0,-2
3.94681,0.142717,0,0,0,-2
3.94823,0.138919,0,0,0,-2
3.94964,0.1326,0,0,0,-2
3.95105,0.134183,0,0,0,-2
3.95247,0.136229,0,0,0,-2
3.95388,0.133079,0,0,0,-2
3.95529,0.134975,0,0,0,-2
3.9567,0.139191,0,0,0,-2
3.95811,0.143284,0,0,0,-2
3.95952,0.14137,0,0,0,-2
3.96094,0.136558,0,0,0,-2
3.96235,0.135556,0,0,0,-2
3.96376,0.13211,0,0,0,-2
3.96517,0.135711,0,0,0,-2
3.96658,0.139254,0,0,0,-2
3.96798,0.137946,0,0,0,-2
3.96939,0.140671,0,0,0,-2
3.9708,0.145607,0,0,0,-2
3.97221,0.150546,0,0,0,-2
3.97362,0.149214,0,0,0,-2
3.97503,0.14381,0,0,0,-2
3.97643,0.143929,0,0,0,-2
3.97784,0.139222,0,0,0,-2
3.97925,0.136775,0,0,0,-2
3.98065,0.141017,0,0,0,-2
3.98206,0.147973,0,0,0,-2
3.98346,0.146411,0,0,0,-2
3.98487,0.143715,0,0,0,-2
3.98627,0.145359,0,0,0,-2
3.98768,0.141355,0,0,0,-2
3.98908,0.139032,0,0,0,-2
3.99049,0.143997,0,0,0,-2
3.99189,0.147575,0,0,0,-2
3.99329,0.14873,0,0,0,-2
3.9947,0.14631,0,0,0,-2
3.9961,0.147841,0,0,0,-2
3.9975,0.15052,0,0,0,-2
3.9989,0.145935,0,0,0,-2
4.0003,0.142217,0,0,0,-2
4.0017,0.14525,0,0,0,-2
4.0031,0.152757,0,0,0,-2
4.0045,0.155981,0,0,0,-2
4.0059,0.152466,0,0,0,-2
4.0073,0.150687,0,0,0,-2
4.0087,0.149903,0,0,0,-2
4.0101,0.145105,0,0,0,-2
4.0115,0.152766,0,0,0,-2
4.01289,0.163794,0,0,0,-2
4.01429,0.154223,0,0,0,-2
4.01569,0.14924,0,0,0,-2
4.01708,0.151586,0,0,0,-2
4.01848,0.152439,0,0,0,-2
4.01987,0.156706,0,0,0,-2
4.02127,0.157592,0,0,0,-2
4.02266,0.158374,0,0,0,-2
4.02406,0.157948,0,0,0,-2
4.02545,0.155969,0,0,0,-2
4.02684,0.159604,0,0,0,-2
4.02824,0.161145,0,0,0,-2
4.02963,0.160316,0,0,0,-2
4.03102,0.156978,0,0,0,-2
4.03241,0.153222,0,0,0,-2
4.0338,0.157054,0,0,0,-2
4.03519,0.159592,0,0,0,-2
4.03658,0.155743,0,0,0,-2
4.03797,0.154788,0,0,0,-2
4.03936,0.15579,0,0,0,-2
4.04075,0.156731,0,0,0,-2
4.04214,0.155236,0,0,0,-2
4.04352,0.16061,0,0,0,-2
4.04491,0.156778,0,0,0,-2
4.0463,0.157292,0,0,0,-2
4.04768,0.168455,0,0,0,-2
4.04907,0.172877,0,0,0,-2
4.05045,0.184711,0,0,0,-2
4.05184,0.203316,0,0,0,-2
4.05322,0.225064,0,0,0,-2
4.05461,0.216319,0,0,0,-2
4.05599,0.19195,0,0,0,-2
4.05737,0.181104,0,0,0,-2
4.05875,0.171492,0,0,0,-2
4.06013,0.162219,0,0,0,-2
4.06151,0.160962,0,0,0,-2
4.0629,0.154707,0,0,0,-2
4.06427,0.147542,0,0,0,-2
4.06565,0.152787,0,0,0,-2
4.06703,0.1568,0,0,0,-2
4.06841,0.154085,0,0,0,-2
4.06979,0.154333,0,0,0,-2
4.07117,0.16053,0,0,0,-2
4.07254,0.164795,0,0,0,-2
4.07392,0.162506,0,0,0,-2
4.07529,0.159905,0,0,0,-2
4.07667,0.161837,0,0,0,-2
4.07804,0.156397,0,0,0,-2
4.07942,0.155524,0,0,0,-2
4.08079,0.160035,0,0,0,-2
4.08216,0.157571,0,0,0,-2
4.08353,0.158963,0,0,0,-2
4.08491,0.160316,0,0,0,-2
4.08628,0.1578,0,0,0,-2
4.08765,0.157509,0,0,0,-2
4.08902,0.159775,0,0,0,-2
4.09038,0.162689,0,0,0,-2
4.09175,0.157356,0,0,0,-2
4.09312,0.151358,0,0,0,-2
4.09449,0.152839,0,0,0,-2
4.09585,0.158797,0,0,0,-2
4.09722,0.16321,0,0,0,-2
4.09859,0.158767,0,0,0,-2
4.09995,0.155027,0,0,0,-2
4.10132,0.154051,0,0,0,-2
4.10268,0.159819,0,0,0,-2
4.10404,0.174238,0,0,0,-2
4.1054,0.174651,0,0,0,-2
4.10676,0.159603,0,0,0,-2
4.10813,0.158594,0,0,0,-2
4.10949,0.164566,0,0,0,-2
4.11085,0.167933,0,0,0,-2
4.1122,0.165352,0,0,0,-2
4.11356,0.155969,0,0,0,-2
4.11492,0.16464,0,0,0,-2
4.11628,0.172107,0,0,0,-2
4.11763,0.1688,0,0,0,-2
4.11899,0.158902,0,0,0,-2
4.12034,0.161621,0,0,0,-2
4.1217,0.169498,0,0,0,-2
4.12305,0.171233,0,0,0,-2
4.1244,0.166824,0,0,0,-2
4.12576,0.155528,0,0,0,-2
4.12711,0.150607,0,0,0,-2
4.12846,0.15757,0,0,0,-2
4.12981,0.163433,0,0,0,-2
4.13116,0.173722,0,0,0,-2
4.13251,0.186931,0,0,0,-2
4.13386,0.174943,0,0,0,-2
4.1352,0.162426,0,0,0,-2
4.13655,0.170136,0,0,0,-2
4.1379,0.185201,0,0,0,-2
4.13924,0.188622,0,0,0,-2
4.14058,0.173964,0,0,0,-2
4.14193,0.164038,0,0,0,-2
4.14327,0.160874,0,0,0,-2
4.14461,0.166312,0,0,0,-2
4.14595,0.178412,0,0,0,-2
4.1473,0.176235,0,0,0,-2
4.14864,0.177648,0,0,0,-2
4.14997,0.182227,0,0,0,-2
4.15131,0.175363,0,0,0,-2
4.15265,0.173309,0,0,0,-2
4.15399,0.180628,0,0,0,-2
4.15532,0.187513,0,0,0,-2
4.15666,0.186396,0,0,0,-2
4.15799,0.187977,0,0,0,-2
4.15933,0.183787,0,0,0,-2
4.16066,0.182241,0,0,0,-2
4.16199,0.178957,0,0,0,-2
4.16332,0.177972,0,0,0,-2
4.16465,0.176281,0,0,0,-2
4.16598,0.169671,0,0,0,-2
4.16731,0.164131,0,0,0,-2
4.16864,0.163893,0,0,0,-2
4.16997,0.183613,0,0,0,-2
5.20476,0.257997,0,0.0697218,1.3624,0.2
5.23571,0.264784,0,0.061687,1.3624,0.2
5.26667,0.259767,0,0.0660399,1.3624,0.2
5.29762,0.260935,0,0.0651271,1.3624,0.2
5.32858,0.268135,0,0.061678,1.3624,0.2
5.35954,0.272022,0,0.0624557,1.3624,0.2
5.3905,0.276838,0,0.0642726,1.3624,0.2
5.42147,0.279853,0,0.0670036,1.3624,0.2
5.45244,0.283961,0,0.0673521,1.3624,0.2
5.48341,0.2928,0,0.0635198,1.3624,0.2
5.51438,0.300746,0,0.0660017,1.3624,0.2
5.54536,0.30224,0,0.0640779,1.3624,0.2
5.57633,0.306095,0,0.0634851,1.3624,0.2
5.60731,0.304934,0,0.0671799,1.3624,0.2
5.63829,0.306341,0,0.0660437,1.3624,0.2
5.66928,0.299579,0,0.0649657,1.3624,0.2
5.70027,0.287166,0,0.0670141,1.3624,0.2
5.73126,0.267466,0,0.0676283,1.3624,0.2
5.76225,0.236229,0,0.0653256,1.3624,0.2
5.79325,0.199953,0,0.0653784,1.3624,0.2
5.82425,0.172671,0,0.0640869,1.3624,0.2
5.85525,0.168327,0,0.0653426,1.3624,0.2
5.88625,0.16485,0,0.0724414,1.3624,0.2
5.91726,0.167464,0,0.0718462,1.3624,0.2
5.94827,0.171497,0,0.0683131,1.3624,0.2
5.97928,0.169423,0,0.0722276,1.3624,0.2
6.01029,0.174021,0,0.0732285,1.3624,0.2
6.04131,0.177779,0,0.0752279,1.3624,0.2
6.07233,0.184992,0,0.0771763,1.3624,0.2
6.10335,0.19121,0,0.0786639,1.3624,0.2
6.13438,0.198766,0,0.0765454,1.3624,0.2
6.16541,0.206111,0,0.076225,1.3624,0.2
6.19644,0.210721,0,0.081574,1.3624,0.2
6.22747,0.222645,0,0.0807611,1.3624,0.2
6.2585,0.228113,0,0.0820407,1.3624,0.2
6.28954,0.234246,0,0.080101,1.3624,0.2
6.32058,0.238598,0,0.076914,1.3624,0.2
6.35163,0.251959,0,0.0775161,1.3624,0.2
6.38267,0.258606,0,0.080784,1.3624,0.2
6.41372,0.261765,0,0.0838076,1.3624,0.2
6.44477,0.26734,0,0.0861583,1.3624,0.2
6.47582,0.269795,0,0.0887776,1.3624,0.2
6.50688,0.275615,0,0.0907128,1.3624,0.2
6.53794,0.273848,0,0.0903897,1.3624,0.2
6.569,0.271308,0,0.0938801,1.3624,0.2
6.60007,0.263,0,0.0960752,1.3624,0.2
6.63113,0.252616,0,0.0920764,1.3624,0.2
6.6622,0.233736,0,0.0920389,1.3624,0.2
6.69327,0.21925,0,0.0919421,1.3624,0.2
6.72435,0.217882,0,0.0847669,1.3624,0.2
6.75542,0.210313,0,0.085021,1.3624,0.2
6.7865,0.201444,0,0.0915256,1.3624,0.2
6.81759,0.204284,0,0.0887137,1.3624,0.2
6.84867,0.205227,0,0.0924595,1.3624,0.2
6.87976,0.207724,0,0.0998315,1.3624,0.2
6.91085,0.212997,0,0.0976457,1.3624,0.2
6.94195,0.227477,0,0.0981187,1.3624,0.2
6.97304,0.239229,0,0.0949521,1.3624,0.2
7.00414,0.24249,0,0.0910966,1.3624,0.2
7.03524,0.242122,0,0.103162,1.3624,0.2
7.06634,0.250169,0,0.10477,1.3624,0.2
7.09745,0.262488,0,0.0994081,1.3624,0.2
7.12856,0.271533,0,0.0996958,1.3624,0.2
7.15967,0.280755,0,0.102516,1.3624,0.2
7.19078,0.286347,0,0.103216,1.3624,0.2
7.2219,0.285153,0,0.105066,1.3624,0.2
7.25302,0.278692,0,0.113208,1.3624,0.2
7.28414,0.287543,0,0.117463,1.3624,0.2
7.31527,0.292735,0,0.122947,1.3624,0.2
7.34639,0.287529,0,0.131456,1.3624,0.2
7.37752,0.282773,0,0.128802,1.3624,0.2
7.40865,0.290403,0,0.131953,1.3624,0.2
7.43979,0.304912,0,0.13361,1.3624,0.2
7.47092,0.325746,0,0.139231,1.3624,0.2
7.50206,0.318854,0,0.144898,1.3624,0.2
7.5332,0.31474,0,0.146049,1.3624,0.2
7.55709,0.313476,0.00686684,0.0829681,0,0.1
7.56435,0.310419,0,0.149138,1.3624,0.2
7.59495,0.312632,0,0.158702,1.3624,0.2
7.61915,0.308981,-0.00221394,0.0809517,0,0.1
7.68121,0.306791,-0.00891813,0.0769929,0,0.1
7.74327,0.322242,-0.0110887,0.0807874,0,0.1
7.80532,0.344433,-0.00447975,0.0815872,0,0.1
7.86738,0.348671,-0.00561734,0.082088,0,0.1
7.92944,0.351574,-0.0125056,0.0854098,0,0.1
7.9915,0.349287,-0.0135434,0.0886702,0,0.1
8.05355,0.343492,-0.0128875,0.0835196,0,0.1
8.11561,0.350745,-0.0179332,0.0723052,0,0.1
8.17767,0.346952,-0.0193793,0.0714364,0,0.1
8.23973,0.325164,-0.0121182,0.082992,0,0.1
8.30178,0.311507,-0.00609297,0.0925947,0,0.1
8.36384,0.308593,-0.00958339,0.0935972,0,0.1
8.4259,0.300359,-0.0079162,0.0956574,0,0.1
8.48795,0.291982,-0.00684362,0.0935972,0,0.1
8.55001,0.276255,-0.00246485,0.0923572,0,0.1
8.61206,0.25449,-0.00492922,0.0951796,0,0.1
8.67412,0.244725,-0.0116281,0.0944751,0,0.1
8.73617,0.225264,-0.0107113,0.0933407,0,0.1
8.79823,0.200709,-0.00956732,0.0709898,0,0.1
8.86028,0.17002,-0.00813325,2.91898,0,0.1
8.92234,0.150484,-0.00722018,6.79729,0,0.1
8.98439,0.135816,-0.00652342,3.80924,0,0.1
9.04644,0.12412,-0.00596186,0.0529824,0,0.1
9.1085,0.120287,-0.00578058,0.0880895,0,0.1
9.17055,0.117475,-0.00564842,0.0864725,0,0.1
9.2326,0.110686,-0.00641034,0.0869232,0,0.1
9.29465,0.104762,-0.00774386,0.0874688,0,0.1
9.3567,0.10292,-0.00634196,0.0860418,0,0.1
9.41875,0.0970284,-0.00935951,0.0843434,0,0.1
9.48081,0.089533,-0.0106587,0.0811686,0,0.1
9.54286,0.0752036,-0.00571792,0.0862669,0,0.1
9.60491,0.0575448,-0.00630536,0.0902163,0,0.1
9.66695,0.0451755,-0.00620472,0.0926659,0,0.1
9.729,0.0411467,-0.00624616,0.0914725,0,0.1
9.79104,0.045714,-0.00911069,0.0950965,0,0.1
9.85309,0.0576184,-0.0115997,0.100774,0,0.1
9.91514,0.0712485,-0.0109748,0.106097,0,0.1
9.97719,0.0874511,-0.0136453,0.107477,0,0.1
10.0392,0.10327,-0.018115,0.109408,0,0.1
10.1013,0.113126,-0.0140271,0.115806,0,0.1
10.1633,0.121654,-0.018112,0.116708,0,0.1
10.2254,0.127228,-0.016785,0.125456,0,0.1
10.2874,0.140039,-0.0203095,0.12528,0,0.1
10.3495,0.148616,-0.018133,0.125409,0,0.1
10.4115,0.152021,-0.0130398,0.132575,0,0.1
10.4736,0.163065,-0.0145435,0.132336,0,0.1
10.5356,0.170397,-0.015719,0.135148,0,0.1
10.5976,0.176406,-0.011763,0.138084,0,0.1
10.6597,0.180638,-0.00997578,0.142216,0,0.1
10.7217,0.187479,-0.00876995,0.14258,0,0.1
10.7838,0.195189,-0.00820708,0.145477,0,0.1
10.8458,0.200615,-0.0120651,0.149923,0,0.1
10.9079,0.205066,-0.0127489,0.15033,0,0.1
10.9699,0.203875,-0.0130074,0.15182,0,0.1
11.0319,0.211087,-0.013231,0.152315,0,0.1
11.094,0.215041,-0.0132499,0.156002,0,0.1
11.156,0.217936,-0.0128064,0.1597,0,0.1
11.2181,0.224583,-0.0109818,0.161733,0,0.1
11.2801,0.23228,-0.0131833,0.164671,0,0.1
11.3022,0.269713,0,0,18,1
11.3109,0.270476,0,0,18,1
11.3196,0.272124,0,0,18,1
11.3283,0.270855,0,0,18,1
11.337,0.26977,0,0,18,1
11.3422,0.242556,-0.0152016,0.163762,0,0.1
11.3457,0.268949,0,0,18,1
11.3545,0.268816,0,0,18,1
11.3632,0.269125,0,0,18,1
11.3719,0.271145,0,0,18,1
11.3807,0.271259,0,0,18,1
11.3895,0.270559,0,0,18,1
11.3982,0.271074,0,0,18,1
11.4042,0.255695,-0.0223463,0.157714,0,0.1
11.407,0.272875,0,0,18,1
11.4158,0.273839,0,0,18,1
11.4246,0.277241,0,0,18,1
11.4333,0.278634,0,0,18,1
11.4421,0.278804,0,0,18,1
11.4509,0.280193,0,0,18,1
11.4597,0.280913,0,0,18,1
11.4663,0.262006,-0.0166118,0.161106,0,0.1
11.4686,0.278727,0,0,18,1
11.4774,0.281383,0,0,18,1
11.4862,0.283875,0,0,18,1
11.4951,0.284799,0,0,18,1
11.5039,0.285797,0,0,18,1
11.5128,0.285428,0,0,18,1
11.5216,0.2838,0,0,18,1
11.5283,0.259836,-0.00720901,0.167845,0,0.1
11.5305,0.283387,0,0,18,1
11.5394,0.28375,0,0,18,1
11.5482,0.283319,0,0,18,1
11.5571,0.284475,0,0,18,1
11.566,0.284961,0,0,18,1
11.5749,0.28528,0,0,18,1
11.5838,0.286563,0,0,18,1
11.5903,0.265696,-0.00737044,0.169479,0,0.1
11.5927,0.287597,0,0,18,1
11.6017,0.289234,0,0,18,1
11.6106,0.290837,0,0,18,1
11.6195,0.292138,0,0,18,1
11.6285,0.294136,0,0,17,1
11.6374,0.294061,0,0,17,1
11.6464,0.29396,0,0,17,1
11.6524,0.276007,-0.00482579,0.168648,0,0.1
11.6553,0.293474,0,0,18,1
11.6643,0.293961,0,0,17,1
11.6733,0.293475,0,0,17,1
11.6823,0.295336,0,0,17,1
11.6912,0.296633,0,0,17,1
11.7002,0.29858,0,0,17,1
11.7093,0.298811,0,0,17,1
11.7144,0.281454,-0.00425544,0.169511,0,0.1
11.7183,0.303305,0,0,17,1
11.7273,0.304464,0,0,17,1
11.7363,0.301372,0,0,17,1
11.7453,0.302962,0,0,17,1
11.7544,0.304837,0,0,17,1
11.7634,0.300338,0,0,17,1
11.7725,0.300727,0,0,17,1
11.7765,0.283007,-0.00601933,0.173533,0,0.1
11.7815,0.301533,0,0,17,1
11.7906,0.302006,0,0,17,1
11.7997,0.300607,0,0,17,1
11.8088,0.306363,0,0,17,1
11.8178,0.30654,0,0,17,1
11.8269,0.307712,0,0,17,1
11.836,0.311159,0,0,17,1
11.8385,0.292898,-0.00930414,0.167937,0,0.1
11.8451,0.308001,0,0,17,1
11.8543,0.30513,0,0,17,1
11.8634,0.309836,0,0,17,1
11.8725,0.311413,0,0,17,1
11.8816,0.312646,0,0,17,1
11.8908,0.314971,0,0,17,1
11.8999,0.314163,0,0,17,1
11.9005,0.302787,-0.0116218,0.164454,0,0.1
11.9091,0.313432,0,0,17,1
11.9183,0.312956,0,0,17,1
11.9274,0.313747,0,0,17,1
11.9366,0.314795,0,0,17,1
11.9458,0.313946,0,0,17,1
11.955,0.315835,0,0,17,1
11.9626,0.310045,-0.0115052,0.165919,0,0.1
11.9642,0.317354,0,0,17,1
11.9734,0.314605,0,0,17,1
11.9826,0.316922,0,0,17,1
11.9918,0.320182,0,0,17,1
12.0011,0.317474,0,0,17,1
12.0103,0.318913,0,0,17,1
12.0195,0.320905,0,0,17,1
12.0246,0.317543,-0.0115114,0.166595,0,0.1
12.0288,0.31902,0,0,17,1
12.038,0.320187,0,0,17,1
12.0473,0.322152,0,0,17,1
12.0566,0.322959,0,0,17,1
12.0659,0.32587,0,0,17,1
12.0751,0.327042,0,0,17,1
12.0844,0.326459,0,0,17,1
12.0866,0.321751,-0.0104609,0.166529,0,0.1
12.0937,0.325445,0,0,17,1
12.103,0.325898,0,0,17,1
12.1124,0.326194,0,0,17,1
12.1217,0.328334,0,0,17,1
12.131,0.33013,0,0,17,1
12.1403,0.330263,0,0,17,1
12.1487,0.333069,-0.0115136,0.166718,0,0.1
12.1497,0.331224,0,0,17,1
12.159,0.329409,0,0,17,1
12.1684,0.327468,0,0,17,1
12.1778,0.329062,0,0,17,1
12.1871,0.332087,0,0,17,1
12.1965,0.332717,0,0,17,1
12.2059,0.3332,0,0,17,1
12.2107,0.337436,-0.0125614,0.168872,0,0.1
12.2153,0.334597,0,0,17,1
12.2247,0.333359,0,0,17,1
12.2341,0.332988,0,0,17,1
12.2435,0.335425,0,0,17,1
12.2529,0.338778,0,0,17,1
12.2624,0.340132,0,0,17,1
12.2718,0.340423,0,0,17,1
12.2727,0.339968,-0.0101266,0.173519,0,0.1
12.2812,0.341543,0,0,17,1
12.2907,0.34062,0,0,17,1
12.3001,0.340124,0,0,17,1
12.3096,0.340708,0,0,17,1
12.3191,0.337951,0,0,17,1
12.3285,0.336363,0,0,17,1
12.3348,0.346029,-0.013129,0.174225,0,0.1
12.338,0.336943,0,0,17,1
12.3475,0.345447,0,0,16,1
12.3475,0.341118,0,0,17,1
12.357,0.34579,0,0,16,1
12.3666,0.348644,0,0,16,1
12.3761,0.349707,0,0,17,1
12.3761,0.351846,0,0,16,1
12.3856,0.350722,0,0,16,1
12.3951,0.347878,0,0,17,1
12.3951,0.350999,0,0,16,1
12.3968,0.35515,-0.015127,0.174111,0,0.1
12.4047,0.347143,0,0,16,1
12.4047,0.346687,0,0,17,1
12.4142,0.345892,0,0,16,1
12.4142,0.346712,0,0,17,1
12.4237,0.345858,0,0,17,1
12.4238,0.346538,0,0,16,1
12.4333,0.346549,0,0,17,1
12.4333,0.34656,0,0,16,1
12.4429,0.349469,0,0,16,1
12.4429,0.34865,0,0,17,1
12.4525,0.3511,0,0,16,1
12.4588,0.360055,-0.0182719,0.174491,0,0.1
12.462,0.352183,0,0,16,1
12.462,0.350283,0,0,17,1
12.4716,0.352513,0,0,16,1
12.4716,0.351793,0,0,17,1
12.4812,0.352393,0,0,16,1
12.4812,0.353741,0,0,17,1
12.4908,0.352138,0,0,16,1
12.5004,0.3535,0,0,16,1
12.5101,0.357864,0,0,16,1
12.5197,0.357458,0,0,16,1
12.5209,0.360121,-0.013537,0.178018,0,0.1
12.5293,0.357521,0,0,16,1
12.539,0.361487,0,0,16,1
12.5486,0.357973,0,0,16,1
12.5583,0.358957,0,0,16,1
12.5679,0.36201,0,0,16,1
12.5776,0.35952,0,0,16,1
12.5829,0.362666,-0.00943102,0.180395,0,0.1
12.5873,0.362151,0,0,16,1
12.597,0.363635,0,0,16,1
12.6067,0.359243,0,0,16,1
12.6164,0.358494,0,0,16,1
12.6261,0.357919,0,0,16,1
12.6358,0.358547,0,0,16,1
12.6449,0.363723,-0.0117498,0.185272,0,0.1
12.6455,0.362648,0,0,16,1
12.6552,0.364833,0,0,16,1
12.665,0.366773,0,0,16,1
12.6747,0.36795,0,0,16,1
12.6845,0.366741,0,0,16,1
12.6943,0.366616,0,0,16,1
12.704,0.366685,0,0,16,1
12.707,0.365716,-0.0133744,0.18583,0,0.1
12.7138,0.366772,0,0,16,1
12.7236,0.366191,0,0,16,1
12.7334,0.372039,0,0,16,1
12.7432,0.371855,0,0,16,1
12.753,0.37494,0,0,16,1
12.7628,0.371119,0,0,16,1
12.769,0.373455,-0.00721638,0.189992,0,0.1
12.7726,0.372831,0,0,16,1
12.7824,0.375707,0,0,16,1
12.7923,0.376495,0,0,16,1
12.8021,0.37704,0,0,16,1
12.812,0.377218,0,0,16,1
12.8218,0.375755,0,0,16,1
12.831,0.372101,-0.0021705,0.191334,0,0.1
12.8317,0.375411,0,0,16,1
12.8416,0.374562,0,0,16,1
12.8514,0.375358,0,0,16,1
12.8613,0.37653,0,0,16,1
12.8712,0.377109,0,0,16,1
12.8811,0.377969,0,0,16,1
12.891,0.376696,0,0,16,1
12.8931,0.377099,-0.0110092,0.1893,0,0.1
12.901,0.375798,0,0,16,1
12.9109,0.376466,0,0,16,1
12.9208,0.375487,0,0,16,1
12.9308,0.376801,0,0,16,1
12.9407,0.378715,0,0,16,1
12.9507,0.37919,0,0,16,1
12.9551,0.37989,-0.00426092,0.19028,0,0.1
12.9606,0.380034,0,0,16,1
12.9706,0.381215,0,0,16,1
12.9806,0.381194,0,0,16,1
12.9906,0.382831,0,0,16,1
13.0006,0.385528,0,0,16,1
13.0106,0.3864,0,0,16,1
13.0171,0.3815,-0.00949524,0.196358,0,0.1
13.0206,0.388239,0,0,16,1
13.0306,0.388595,0,0,16,1
13.0407,0.389139,0,0,16,1
13.0507,0.38883,0,0,16,1
13.0607,0.390198,0,0,16,1
13.0708,0.390634,0,0,16,1
13.0792,0.377008,-0.00458768,0.196389,0,0.1
13.0808,0.389235,0,0,16,1
13.0909,0.390196,0,0,16,1
13.101,0.389467,0,0,16,1
13.1111,0.387334,0,0,16,1
13.1211,0.38804,0,0,16,1
13.1312,0.390604,0,0,16,1
13.1412,0.382496,-0.00658938,0.197713,0,0.1
13.1414,0.39116,0,0,16,1
13.1515,0.391502,0,0,15,1
13.1616,0.397382,0,0,15,1
13.1717,0.397286,0,0,15,1
13.1819,0.395408,0,0,15,1
13.192,0.393478,0,0,15,1
13.2022,0.394943,0,0,15,1
13.2032,0.387945,-0.0056982,0.200194,0,0.1
13.2123,0.397857,0,0,15,1
13.2225,0.394191,0,0,15,1
13.2326,0.395071,0,0,15,1
13.2428,0.395825,0,0,15,1
13.253,0.395478,0,0,15,1
13.2632,0.395416,0,0,15,1
13.2653,0.392846,-0.00654652,0.199394,0,0.1
13.2734,0.395529,0,0,15,1
13.2836,0.402007,0,0,15,1
13.2939,0.403905,0,0,15,1
13.3041,0.402157,0,0,15,1
13.3143,0.406368,0,0,15,1
13.3246,0.408441,0,0,15,1
13.3273,0.397374,-0.00833398,0.200752,0,0.1
13.3348,0.408446,0,0,15,1
13.3451,0.408342,0,0,15,1
13.3554,0.408751,0,0,15,1
13.3656,0.408673,0,0,15,1
13.3759,0.407856,0,0,15,1
13.3862,0.409069,0,0,15,1
13.3893,0.405122,-0.00932528,0.204045,0,0.1
13.3965,0.417849,0,0,15,1
13.4068,0.408412,0,0,15,1
13.4172,0.428037,0,0,15,1
13.4275,0.416414,0,0,15,1
13.4378,0.423739,0,0,15,1
13.4481,0.420108,0,0,15,1
13.4514,0.410799,-0.0102435,0.20812,0,0.1
13.4585,0.420045,0,0,15,1
13.4688,0.419866,0,0,15,1
13.4792,0.418022,0,0,15,1
13.4896,0.415453,0,0,15,1
13.5,0.417862,0,0,15,1
13.5104,0.418847,0,0,15,1
13.5134,0.412264,-0.0138332,0.210383,0,0.1
13.5207,0.420257,0,0,15,1
13.5312,0.420777,0,0,15,1
13.5416,0.418797,0,0,15,1
13.552,0.420342,0,0,15,1
13.5624,0.421498,0,0,15,1
13.5729,0.420727,0,0,15,1
13.5754,0.415272,-0.0122445,0.209483,0,0.1
13.5833,0.422719,0,0,15,1
13.5937,0.421422,0,0,15,1
13.6042,0.431559,0,0,15,1
13.6147,0.427649,0,0,15,1
13.6252,0.427171,0,0,15,1
13.6356,0.427671,0,0,15,1
13.6375,0.41491,-0.00946445,0.215829,0,0.1
13.6461,0.427649,0,0,15,1
13.6566,0.427935,0,0,15,1
13.6672,0.428994,0,0,15,1
13.6777,0.435587,0,0,15,1
13.6882,0.431522,0,0,15,1
13.6987,0.431307,0,0,15,1
13.6995,0.429419,-0.0145931,0.219573,0,0.1
13.7093,0.433441,0,0,15,1
13.7198,0.431879,0,0,15,1
13.7304,0.429643,0,0,15,1
13.7409,0.431922,0,0,15,1
13.7515,0.430665,0,0,15,1
13.7615,0.422822,-0.0121344,0.233673,0,0.1
13.7621,0.429973,0,0,15,1
13.7727,0.429586,0,0,15,1
13.7833,0.431946,0,0,15,1
13.7939,0.433775,0,0,15,1
13.8045,0.436263,0,0,15,1
13.8151,0.439066,0,0,15,1
13.8235,0.419264,-0.0110433,0.244401,0,0.1
13.8258,0.442926,0,0,15,1
13.8364,0.447661,0,0,15,1
13.847,0.44542,0,0,15,1
13.8577,0.444279,0,0,15,1
13.8684,0.443227,0,0,15,1
13.879,0.442856,0,0,15,1
13.8856,0.424515,-0.0176527,0.244406,0,0.1
13.8897,0.444369,0,0,15,1
13.9004,0.444285,0,0,15,1
13.9111,0.443998,0,0,15,1
13.9218,0.44386,0,0,15,1
13.9325,0.443129,0,0,15,1
13.9432,0.448443,0,0,15,1
13.9476,0.423172,-0.0119612,0.251095,0,0.1
13.954,0.447663,0,0,15,1
13.9647,0.448787,0,0,15,1
13.9755,0.452745,0,0,15,1
13.9862,0.454426,0,0,15,1
13.997,0.45566,0,0,15,1
14.0077,0.453542,0,0,15,1
14.0185,0.454305,0,0,15,1
14.0293,0.455798,0,0,15,1
14.0401,0.455562,0,0,15,1
14.0509,0.455793,0,0,15,1
14.0617,0.454809,0,0,15,1
14.0834,0.46766,0,0,14,1
14.0942,0.468198,0,0,14,1
14.1051,0.468825,0,0,14,1
14.1159,0.467884,0,0,14,1
14.1268,0.469851,0,0,14,1
14.1376,0.469264,0,0,14,1
14.1485,0.470634,0,0,14,1
14.1594,0.475994,0,0,14,1
14.1703,0.473133,0,0,14,1
14.1812,0.476098,0,0,14,1
14.1921,0.478301,0,0,14,1
14.2031,0.474012,0,0,14,1
14.214,0.477424,0,0,14,1
14.2249,0.477724,0,0,14,1
14.2359,0.470656,0,0,14,1
14.2468,0.473402,0,0,14,1
14.2578,0.472524,0,0,14,1
14.2687,0.4683,0,0,14,1
14.2797,0.475098,0,0,14,1
14.2907,0.479273,0,0,14,1
14.3017,0.480823,0,0,14,1
14.3127,0.482502,0,0,14,1
14.3237,0.48649,0,0,14,1
14.3348,0.491463,0,0,14,1
14.3458,0.491429,0,0,14,1
14.3568,0.491367,0,0,14,1
14.3679,0.495897,0,0,14,1
14.3789,0.49952,0,0,14,1
14.39,0.501398,0,0,14,1
14.4011,0.501142,0,0,14,1
14.4122,0.505393,0,0,14,1
14.4232,0.506232,0,0,14,1
14.4343,0.501417,0,0,14,1
14.4454,0.501384,0,0,14,1
14.4566,0.51116,0,0,14,1
14.4677,0.510768,0,0,14,1
14.4788,0.507949,0,0,14,1
14.49,0.514373,0,0,14,1
14.5011,0.522702,0,0,14,1
14.5123,0.520055,0,0,14,1
14.5234,0.515298,0,0,14,1
14.5346,0.516921,0,0,14,1
14.5458,0.52107,0,0,14,1
14.557,0.512211,0,0,14,1
14.5682,0.514447,0,0,14,1
14.5794,0.523159,0,0,14,1
14.5906,0.518145,0,0,14,1
14.6019,0.512188,0,0,14,1
14.6131,0.520561,0,0,14,1
14.6243,0.518289,0,0,14,1
14.6356,0.516344,0,0,14,1
14.6469,0.519708,0,0,14,1
14.6581,0.521353,0,0,14,1
14.6694,0.520689,0,0,14,1
14.6807,0.520251,0,0,14,1
14.692,0.522237,0,0,14,1
14.7033,0.519908,0,0,14,1
14.7146,0.515725,0,0,14,1
14.7259,0.516376,0,0,14,1
14.7373,0.514109,0,0,14,1
14.7486,0.513364,0,0,14,1
14.76,0.513909,0,0,14,1
14.7713,0.515915,0,0,14,1
14.7827,0.51608,0,0,14,1
14.7941,0.514635,0,0,14,1
14.8054,0.514279,0,0,14,1
14.8168,0.513381,0,0,14,1
14.8282,0.509871,0,0,14,1
14.8397,0.507104,0,0,14,1
14.8511,0.505111,0,0,14,1
14.8625,0.502007,0,0,14,1
14.8739,0.497231,0,0,14,1
14.8854,0.490797,0,0,14,1
14.8968,0.484065,0,0,14,1
14.9083,0.473212,0,0,14,1
14.9198,0.463936,0,0,14,1
14.9313,0.453402,0,0,14,1
14.9427,0.440614,0,0,14,1
14.9542,0.428157,0,0,14,1
14.9657,0.411995,0,0,14,1
14.9773,0.397082,0,0,14,1
14.9888,0.38181,0,0,14,1
15.0003,0.361677,0,0,14,1
15.0119,0.343805,0,0,14,1
15.0234,0.329117,0,0,14,1
15.035,0.30991,0,0,14,1
15.0465,0.295485,0,0,14,1
15.0581,0.283634,0,0,14,1
15.0697,0.270674,0,0,14,1
15.0813,0.261243,0,0,14,1
15.0929,0.253964,0,0,14,1
15.1045,0.249717,0,0,14,1
15.1162,0.245682,0,0,14,1
15.1278,0.246856,0,0,13,1
15.1278,0.244396,0,0,14,1
15.1394,0.245114,0,0,14,1
15.1394,0.247576,0,0,13,1
15.1511,0.247057,0,0,13,1
15.1627,0.247209,0,0,13,1
15.1744,0.248945,0,0,13,1
15.1861,0.249881,0,0,13,1
15.1978,0.251589,0,0,13,1
15.2095,0.253283,0,0,13,1
15.2212,0.25434,0,0,13,1
15.2329,0.258126,0,0,13,1
15.2446,0.262219,0,0,13,1
15.2563,0.266339,0,0,13,1
15.2681,0.274733,0,0,13,1
15.2798,0.28272,0,0,13,1
15.2916,0.289362,0,0,13,1
15.3033,0.298378,0,0,13,1
15.3151,0.305632,0,0,13,1
15.3269,0.309521,0,0,13,1
15.3387,0.314126,0,0,13,1
15.3505,0.316205,0,0,13,1
15.3623,0.317305,0,0,13,1
15.3742,0.320492,0,0,13,1
15.386,0.322814,0,0,13,1
15.3978,0.327256,0,0,13,1
15.4097,0.334221,0,0,13,1
15.4215,0.341245,0,0,13,1
15.4334,0.348076,0,0,13,1
15.4453,0.353058,0,0,13,1
15.4571,0.359572,0,0,13,1
15.4691,0.367144,0,0,13,1
15.4809,0.371162,0,0,13,1
15.4929,0.379067,0,0,13,1
15.5048,0.38867,0,0,13,1
15.5167,0.393516,0,0,13,1
15.5287,0.402692,0,0,13,1
15.5406,0.414152,0,0,13,1
15.5526,0.420085,0,0,13,1
15.5645,0.425618,0,0,13,1
15.5765,0.433265,0,0,13,1
15.5885,0.438748,0,0,13,1
15.6005,0.444943,0,0,13,1
15.6125,0.452269,0,0,13,1
15.6245,0.458746,0,0,13,1
15.6365,0.46641,0,0,13,1
15.6486,0.473695,0,0,13,1
15.6606,0.481283,0,0,13,1
15.6727,0.488584,0,0,13,1
15.6847,0.494661,0,0,13,1
15.6968,0.5011,0,0,13,1
15.7089,0.506459,0,0,13,1
15.721,0.509307,0,0,13,1
15.7331,0.519143,0,0,13,1
15.7452,0.521392,0,0,13,1
15.7573,0.52075,0,0,13,1
15.7694,0.522746,0,0,13,1
15.7815,0.523361,0,0,13,1
15.7937,0.522901,0,0,13,1
15.8058,0.523643,0,0,13,1
15.818,0.526752,0,0,13,1
15.8302,0.528105,0,0,13,1
15.8424,0.529752,0,0,13,1
15.8545,0.531038,0,0,13,1
15.8667,0.532322,0,0,13,1
15.879,0.532706,0,0,13,1
15.8912,0.533151,0,0,13,1
15.9034,0.535788,0,0,13,1
15.9157,0.537929,0,0,13,1
15.9279,0.538605,0,0,13,1
15.9401,0.540163,0,0,13,1
15.9524,0.546342,0,0,13,1
15.9647,0.551039,0,0,13,1
15.977,0.557469,0,0,13,1
15.9893,0.557926,0,0,13,1
16.0016,0.561447,0,0,13,1
16.0139,0.562617,0,0,13,1
16.0262,0.565307,0,0,13,1
16.0385,0.568574,0,0,13,1
16.0509,0.573243,0,0,13,1
16.0632,0.576312,0,0,13,1
16.0756,0.576433,0,0,13,1
16.088,0.577149,0,0,13,1
16.1003,0.584568,0,0,13,1
16.1127,0.585952,0,0,13,1
16.1251,0.584876,0,0,13,1
16.1376,0.586312,0,0,13,1
16.15,0.590928,0,0,13,1
16.1624,0.588307,0,0,13,1
16.1748,0.588488,0,0,13,1
16.1873,0.589814,0,0,13,1
16.1997,0.591702,0,0,13,1
16.2122,0.593693,0,0,13,1
16.2247,0.596567,0,0,13,1
16.2372,0.597614,0,0,13,1
16.2497,0.597,0,0,13,1
16.2622,0.597739,0,0,13,1
16.2747,0.596721,0,0,13,1
16.2872,0.594548,0,0,13,1
16.2997,0.592304,0,0,13,1
16.3123,0.592923,0,0,13,1
16.3248,0.591316,0,0,13,1
16.3374,0.588702,0,0,13,1
16.35,0.590141,0,0,13,1
16.3625,0.594097,0,0,13,1
16.3751,0.593508,0,0,12,1
16.3877,0.592778,0,0,12,1
16.4004,0.595987,0,0,12,1
16.413,0.599115,0,0,12,1
16.4256,0.603175,0,0,12,1
16.4256,0.597841,0,0,13,1
16.4382,0.601149,0,0,12,1
16.4509,0.607853,0,0,12,1
16.4636,0.609439,0,0,12,1
16.4762,0.611543,0,0,12,1
16.4889,0.607549,0,0,12,1
16.5016,0.618119,0,0,12,1
16.5143,0.618196,0,0,12,1
16.527,0.608163,0,0,12,1
16.5397,0.608797,0,0,12,1
16.5524,0.615153,0,0,12,1
16.5652,0.613384,0,0,12,1
16.5779,0.610882,0,0,12,1
16.5907,0.61762,0,0,12,1
16.6034,0.620709,0,0,12,1
16.6162,0.616385,0,0,12,1
16.629,0.616296,0,0,12,1
16.6418,0.618022,0,0,12,1
16.6546,0.615961,0,0,12,1
16.6674,0.615948,0,0,12,1
16.6803,0.61693,0,0,12,1
16.6931,0.619245,0,0,12,1
16.7059,0.620812,0,0,12,1
16.7188,0.625809,0,0,12,1
16.7317,0.626733,0,0,12,1
16.7445,0.629742,0,0,12,1
16.7574,0.634274,0,0,12,1
16.7703,0.635388,0,0,12,1
16.7832,0.635585,0,0,12,1
16.7961,0.639239,0,0,12,1
16.8091,0.640634,0,0,12,1
16.822,0.642431,0,0,12,1
16.8349,0.644811,0,0,12,1
16.8479,0.647763,0,0,12,1
16.8609,0.643135,0,0,12,1
16.8738,0.644513,0,0,12,1
16.8868,0.650048,0,0,12,1
16.8998,0.648538,0,0,12,1
16.9128,0.64337,0,0,12,1
16.9258,0.639739,0,0,12,1
16.9389,0.640557,0,0,12,1
16.9519,0.637014,0,0,12,1
16.9649,0.639942,0,0,12,1
16.978,0.643211,0,0,12,1
16.9911,0.645915,0,0,12,1
17.0041,0.646454,0,0,12,1
17.0172,0.648268,0,0,12,1
17.0303,0.647989,0,0,12,1
17.0434,0.648934,0,0,12,1
17.0565,0.651604,0,0,12,1
17.0697,0.6515,0,0,12,1
17.0828,0.654182,0,0,12,1
17.0959,0.654434,0,0,12,1
17.1091,0.657629,0,0,12,1
17.1223,0.660421,0,0,12,1
17.1354,0.666044,0,0,12,1
17.1486,0.664136,0,0,12,1
17.1618,0.666925,0,0,12,1
17.175,0.669956,0,0,12,1
17.1882,0.670209,0,0,12,1
17.2015,0.66764,0,0,12,1
17.2147,0.672419,0,0,12,1
17.228,0.674161,0,0,12,1
17.2412,0.673177,0,0,12,1
17.2545,0.670469,0,0,12,1
17.2678,0.675064,0,0,12,1
17.2811,0.675588,0,0,12,1
17.2943,0.677737,0,0,12,1
17.3077,0.677398,0,0,12,1
17.321,0.67986,0,0,12,1
17.3343,0.679712,0,0,12,1
17.3476,0.680096,0,0,12,1
17.361,0.676799,0,0,12,1
17.3744,0.67597,0,0,12,1
17.3877,0.676906,0,0,12,1
17.4011,0.676676,0,0,12,1
17.4145,0.676216,0,0,12,1
17.4279,0.677706,0,0,12,1
17.4413,0.680547,0,0,12,1
17.4547,0.683912,0,0,12,1
17.4682,0.688446,0,0,12,1
17.4816,0.693186,0,0,12,1
17.4951,0.697171,0,0,12,1
17.5085,0.700503,0,0,12,1
17.522,0.701736,0,0,12,1
17.5355,0.701746,0,0,12,1
17.549,0.703647,0,0,12,1
17.5625,0.701387,0,0,12,1
17.576,0.69849,0,0,12,1
17.5895,0.701513,0,0,12,1
17.603,0.705102,0,0,12,1
17.6166,0.703742,0,0,12,1
17.6302,0.70239,0,0,12,1
17.6437,0.705653,0,0,12,1
17.6573,0.707999,0,0,12,1
17.6709,0.705556,0,0,12,1
17.6845,0.705936,0,0,12,1
17.6981,0.70585,0,0,12,1
17.7117,0.706747,0,0,12,1
17.7253,0.705743,0,0,12,1
17.739,0.707532,0,0,12,1
17.7526,0.707702,0,0,12,1
17.7663,0.706138,0,0,12,1
17.78,0.711243,0,0,12,1
17.7936,0.712384,0,0,12,1
17.8073,0.724698,0,0,11,1
17.8073,0.713382,0,0,12,1
17.821,0.712598,0,0,12,1
17.821,0.717137,0,0,11,1
17.8347,0.724096,0,0,12,1
17.8347,0.714592,0,0,11,1
17.8485,0.721142,0,0,11,1
17.8485,0.724198,0,0,12,1
17.8622,0.725258,0,0,12,1
17.8622,0.725964,0,0,11,1
17.8759,0.728437,0,0,11,1
17.8897,0.731191,0,0,11,1
17.9035,0.73767,0,0,12,1
17.9035,0.73467,0,0,11,1
17.9172,0.733629,0,0,11,1
17.931,0.734398,0,0,11,1
17.9448,0.737317,0,0,11,1
17.9586,0.735328,0,0,11,1
17.9725,0.735856,0,0,11,1
17.9863,0.73522,0,0,11,1
18.0001,0.745857,0,0,11,1
18.014,0.748384,0,0,11,1
18.0279,0.752446,0,0,11,1
18.0417,0.747529,0,0,11,1
18.0556,0.750267,0,0,11,1
18.0695,0.749199,0,0,11,1
18.0834,0.749557,0,0,11,1
18.0973,0.747737,0,0,11,1
18.1112,0.749191,0,0,11,1
18.1252,0.752487,0,0,11,1
18.1391,0.751681,0,0,11,1
18.1531,0.749364,0,0,11,1
18.1671,0.752224,0,0,11,1
18.181,0.751027,0,0,11,1
18.195,0.753993,0,0,11,1
18.209,0.759661,0,0,11,1
18.223,0.76625,0,0,11,1
18.2371,0.767435,0,0,11,1
18.2511,0.767028,0,0,11,1
18.2651,0.768167,0,0,11,1
18.2792,0.767601,0,0,11,1
18.2933,0.775157,0,0,11,1
18.3074,0.776772,0,0,11,1
18.3214,0.772523,0,0,11,1
18.3355,0.767918,0,0,11,1
18.3496,0.772191,0,0,11,1
18.3638,0.771662,0,0,11,1
18.3779,0.77099,0,0,11,1
18.392,0.777482,0,0,11,1
18.4062,0.778999,0,0,11,1
18.4204,0.780841,0,0,11,1
18.4345,0.781928,0,0,11,1
18.4487,0.789438,0,0,11,1
18.4629,0.782403,0,0,11,1
18.4771,0.785905,0,0,11,1
18.4913,0.788389,0,0,11,1
18.5056,0.795038,0,0,11,1
18.5198,0.793876,0,0,11,1
18.5341,0.791815,0,0,11,1
18.5483,0.792797,0,0,11,1
18.5626,0.79728,0,0,11,1
18.5769,0.810044,0,0,11,1
18.5912,0.806753,0,0,11,1
18.6055,0.805379,0,0,11,1
18.6198,0.799794,0,0,11,1
18.6341,0.802405,0,0,11,1
18.6485,0.798224,0,0,11,1
18.6628,0.792661,0,0,11,1
18.6772,0.789332,0,0,11,1
18.6916,0.793891,0,0,11,1
18.7059,0.800835,0,0,11,1
18.7203,0.80793,0,0,11,1
18.7347,0.81061,0,0,11,1
18.7492,0.81415,0,0,11,1
18.7636,0.822566,0,0,11,1
18.778,0.828914,0,0,11,1
18.7925,0.826249,0,0,11,1
18.8069,0.825117,0,0,11,1
18.8214,0.83102,0,0,11,1
18.8359,0.838175,0,0,11,1
18.8504,0.840515,0,0,11,1
18.8649,0.842546,0,0,11,1
18.8794,0.846063,0,0,11,1
18.8939,0.84952,0,0,11,1
18.9085,0.854041,0,0,11,1
18.923,0.852101,0,0,11,1
18.9376,0.843451,0,0,11,1
18.9522,0.8389,0,0,11,1
18.9667,0.839285,0,0,11,1
18.9813,0.845376,0,0,11,1
18.996,0.849324,0,0,11,1
19.0106,0.847882,0,0,11,1
19.0252,0.85152,0,0,11,1
19.0398,0.848584,0,0,11,1
19.0545,0.850569,0,0,11,1
19.0692,0.847708,0,0,11,1
19.0838,0.854449,0,0,11,1
19.0985,0.85617,0,0,11,1
19.1132,0.872307,0,0,11,1
19.1279,0.872096,0,0,11,1
19.1426,0.872353,0,0,11,1
19.1574,0.875991,0,0,11,1
19.1721,0.878806,0,0,11,1
19.1869,0.879772,0,0,11,1
19.2016,0.881803,0,0,11,1
19.2164,0.882233,0,0,11,1
19.2312,0.886973,0,0,11,1
19.246,0.886369,0,0,11,1
19.2608,0.890928,0,0,11,1
19.2756,0.893962,0,0,11,1
19.2904,0.892528,0,0,11,1
19.3053,0.89985,0,0,11,1
19.3202,0.90256,0,0,11,1
19.3222,0.983287,0,0,20,3
19.335,0.908975,0,0,11,1
19.3383,0.995927,0,0,20,3
19.3499,0.913912,0,0,11,1
19.3544,0.976979,0,0,20,3
19.3648,0.917293,0,0,11,1
19.3705,0.975612,0,0,20,3
19.3797,0.924796,0,0,11,1
19.3867,0.99099,0,0,20,3
19.3946,0.923362,0,0,11,1
19.4028,0.99374,0,0,20,3
19.4095,0.93294,0,0,11,1
19.419,0.99088,0,0,20,3
19.4245,0.926751,0,0,11,1
19.4352,0.983316,0,0,20,3
19.4394,0.927347,0,0,11,1
19.4514,0.985107,0,0,20,3
19.4544,0.930291,0,0,11,1
19.4676,0.986426,0,0,20,3
19.4693,0.941002,0,0,11,1
19.4839,0.986758,0,0,20,3
19.4843,0.947674,0,0,11,1
19.5001,0.986182,0,0,20,3
19.5163,0.972793,0,0,20,3
19.5326,0.965508,0,0,20,3
19.5489,0.977171,0,0,20,3
19.5652,0.983903,0,0,20,3
19.5815,0.946234,0,0,20,3
19.5978,0.948734,0,0,20,3
19.6142,0.979072,0,0,20,3
19.6305,0.976665,0,0,20,3
19.6469,0.974078,0,0,20,3
19.6633,0.983037,0,0,20,3
19.6797,0.986421,0,0,20,3
19.6961,0.984299,0,0,20,3
19.7125,0.981107,0,0,20,3
19.7289,0.993839,0,0,20,3
19.7454,0.998229,0,0,20,3
19.7618,0.98349,0,0,20,3
19.7783,0.979595,0,0,20,3
19.7948,0.991345,0,0,20,3
19.8113,1.00539,0,0,20,3
19.8278,0.99081,0,0,20,3
19.8444,0.985897,0,0,20,3
19.8444,1.01703,0,0,19,3
19.8609,1.01441,0,0,19,3
19.8775,1.02085,0,0,19,3
19.894,1.00774,0,0,19,3
19.9106,1.00798,0,0,19,3
19.9272,1.00779,0,0,19,3
19.9438,1.01162,0,0,19,3
19.9604,1.01411,0,0,19,3
19.9771,1.01025,0,0,19,3
19.9937,1.01427,0,0,19,3
20.0104,1.02529,0,0,19,3
20.0271,1.02572,0,0,19,3
20.0438,1.02179,0,0,19,3
20.0605,1.01967,0,0,19,3
20.0772,1.01304,0,0,19,3
20.094,1.02095,0,0,19,3
20.1107,1.02701,0,0,19,3
20.1275,1.03401,0,0,19,3
20.1442,1.03441,0,0,19,3
20.1611,1.03514,0,0,19,3
20.1779,1.04055,0,0,19,3
20.1947,1.0397,0,0,19,3
20.2115,1.03527,0,0,19,3
20.2284,1.03918,0,0,19,3
20.2452,1.05375,0,0,19,3
20.2621,1.05375,0,0,19,3
20.279,1.04983,0,0,19,3
20.2959,1.0427,0,0,19,3
20.3128,1.04486,0,0,19,3
20.3298,1.06414,0,0,19,3
20.3467,1.07151,0,0,19,3
20.3637,1.06101,0,0,19,3
20.3806,1.05523,0,0,19,3
20.3976,1.06668,0,0,19,3
20.4146,1.07883,0,0,19,3
20.4317,1.08575,0,0,19,3
20.4487,1.07947,0,0,19,3
20.4657,1.07512,0,0,19,3
20.4828,1.08349,0,0,19,3
20.4999,1.10278,0,0,19,3
20.517,1.09286,0,0,19,3
20.5341,1.0866,0,0,19,3
20.5512,1.08945,0,0,19,3
20.5683,1.12256,0,0,19,3
20.5855,1.1213,0,0,19,3
20.6026,1.12424,0,0,19,3
20.6198,1.12272,0,0,19,3
20.637,1.11394,0,0,19,3
20.6542,1.10708,0,0,19,3
20.6714,1.10206,0,0,19,3
20.6887,1.13053,0,0,19,3
20.7059,1.13402,0,0,19,3
20.7232,1.11153,0,0,19,3
20.7404,1.10707,0,0,19,3
20.7577,1.12629,0,0,19,3
20.775,1.14735,0,0,19,3
20.7924,1.12074,0,0,19,3
20.8097,1.11504,0,0,19,3
20.827,1.14261,0,0,19,3
20.8444,1.16828,0,0,19,3
20.8618,1.14052,0,0,19,3
20.8792,1.10663,0,0,19,3
20.8966,1.11771,0,0,19,3
20.8966,1.16927,0,0,18,3
20.914,1.17038,0,0,18,3
20.914,1.14804,0,0,19,3
20.9314,1.1537,0,0,18,3
20.9489,1.13347,0,0,18,3
20.9664,1.14053,0,0,18,3
20.9838,1.15094,0,0,18,3
21.0013,1.16173,0,0,18,3
21.0188,1.17017,0,0,18,3
21.0364,1.17669,0,0,18,3
21.0539,1.17863,0,0,18,3
21.0714,1.17999,0,0,18,3
21.089,1.1904,0,0,18,3
21.1066,1.1919,0,0,18,3
21.1242,1.20226,0,0,18,3
21.1418,1.20765,0,0,18,3
21.1594,1.19961,0,0,18,3
21.1771,1.19968,0,0,18,3
21.1947,1.20135,0,0,18,3
21.2124,1.2046,0,0,18,3
21.2301,1.18879,0,0,18,3
21.2478,1.19452,0,0,18,3
21.2655,1.20617,0,0,18,3
21.2832,1.21071,0,0,18,3
21.301,1.20912,0,0,18,3
21.3187,1.1956,0,0,18,3
21.3365,1.19421,0,0,18,3
21.3543,1.21555,0,0,18,3
21.3721,1.22688,0,0,18,3
21.3899,1.21377,0,0,18,3
21.4077,1.22505,0,0,18,3
21.4256,1.19995,0,0,18,3
21.4435,1.21764,0,0,18,3
21.4613,1.21858,0,0,18,3
21.4792,1.24498,0,0,18,3
21.4971,1.22772,0,0,18,3
21.515,1.21968,0,0,18,3
21.533,1.22626,0,0,18,3
21.5509,1.23038,0,0,18,3
21.5689,1.23581,0,0,18,3
21.5869,1.23131,0,0,18,3
21.6049,1.22825,0,0,18,3
21.6229,1.24092,0,0,18,3
21.6409,1.26115,0,0,18,3
21.659,1.25906,0,0,18,3
21.677,1.24571,0,0,18,3
21.6951,1.23819,0,0,18,3
21.7132,1.26125,0,0,18,3
21.7313,1.29375,0,0,18,3
21.7494,1.27007,0,0,18,3
21.7675,1.25493,0,0,18,3
21.7857,1.26245,0,0,18,3
21.8038,1.2673,0,0,18,3
21.822,1.30951,0,0,18,3
21.8402,1.27082,0,0,18,3
21.8584,1.2729,0,0,18,3
21.8766,1.27968,0,0,18,3
21.8949,1.28006,0,0,18,3
21.9131,1.28467,0,0,18,3
21.9314,1.27702,0,0,18,3
21.9497,1.28831,0,0,18,3
21.968,1.27777,0,0,18,3
21.9863,1.26579,0,0,18,3
22.0046,1.28146,0,0,18,3
22.023,1.33635,0,0,18,3
22.0413,1.30208,0,0,18,3
22.0597,1.31028,0,0,18,3
22.0781,1.27024,0,0,18,3
22.0965,1.34311,0,0,18,3
22.1149,1.32503,0,0,17,3
22.1334,1.32134,0,0,18,3
22.1518,1.29549,0,0,18,3
22.1703,1.30634,0,0,18,3
22.1888,1.33798,0,0,18,3
22.2073,1.3522,0,0,17,3
22.2258,1.34022,0,0,17,3
22.2443,1.34278,0,0,17,3
22.2443,1.31331,0,0,18,3
22.2628,1.35686,0,0,17,3
22.2628,1.33707,0,0,18,3
22.2814,1.34692,0,0,17,3
22.2814,1.37835,0,0,18,3
22.3,1.36084,0,0,17,3
22.3,1.37709,0,0,18,3
22.3186,1.36048,0,0,17,3
22.3186,1.36013,0,0,18,3
22.3372,1.35927,0,0,17,3
22.3558,1.38006,0,0,17,3
22.3558,1.37522,0,0,18,3
22.3744,1.38901,0,0,18,3
22.3744,1.37357,0,0,17,3
22.3931,1.38836,0,0,18,3
22.3931,1.37296,0,0,17,3
22.4118,1.37774,0,0,17,3
22.4304,1.36955,0,0,17,3
22.4304,1.35303,0,0,18,3
22.4491,1.36979,0,0,17,3
22.4491,1.36324,0,0,18,3
22.4679,1.37774,0,0,18,3
22.4679,1.37673,0,0,17,3
22.4866,1.37866,0,0,17,3
22.5053,1.35999,0,0,18,3
22.5053,1.3801,0,0,17,3
22.5241,1.38376,0,0,17,3
22.5429,1.38308,0,0,17,3
22.5617,1.39194,0,0,17,3
22.5805,1.40292,0,0,17,3
22.5993,1.41926,0,0,17,3
22.6181,1.4305,0,0,17,3
22.637,1.43042,0,0,17,3
22.6559,1.43215,0,0,17,3
22.6748,1.43903,0,0,17,3
22.6937,1.42579,0,0,17,3
22.7126,1.44427,0,0,17,3
22.7315,1.44046,0,0,17,3
22.7505,1.42438,0,0,17,3
22.7694,1.42487,0,0,17,3
22.7884,1.42427,0,0,17,3
22.8074,1.43796,0,0,17,3
22.8264,1.45139,0,0,17,3
22.8455,1.43394,0,0,17,3
22.8645,1.42885,0,0,17,3
22.8836,1.4427,0,0,17,3
22.9027,1.45074,0,0,17,3
22.9217,1.45916,0,0,17,3
22.9408,1.45188,0,0,17,3
22.96,1.44167,0,0,17,3
22.9791,1.45195,0,0,17,3
22.9983,1.46081,0,0,17,3
23.0174,1.46206,0,0,17,3
23.0366,1.4638,0,0,17,3
23.0558,1.45251,0,0,17,3
23.0751,1.46783,0,0,17,3
23.0943,1.49653,0,0,17,3
23.1135,1.47888,0,0,17,3
23.1328,1.47083,0,0,17,3
23.1521,1.49476,0,0,17,3
23.1714,1.5129,0,0,17,3
23.1907,1.5262,0,0,17,3
23.2101,1.50889,0,0,17,3
23.2294,1.47695,0,0,17,3
23.2488,1.50853,0,0,17,3
23.2682,1.53543,0,0,17,3
23.2875,1.51752,0,0,17,3
23.307,1.51113,0,0,17,3
23.3264,1.49309,0,0,17,3
23.3458,1.51952,0,0,17,3
23.3653,1.55136,0,0,17,3
23.3848,1.51823,0,0,17,3
23.4043,1.50309,0,0,17,3
23.4238,1.53012,0,0,17,3
23.4433,1.57301,0,0,17,3
23.4629,1.60011,0,0,17,3
23.4824,1.60185,0,0,17,3
23.502,1.53009,0,0,17,3
23.5216,1.5592,0,0,16,3
23.5412,1.59893,0,0,17,3
23.5608,1.63352,0,0,17,3
23.5805,1.58191,0,0,16,3
23.6001,1.53537,0,0,17,3
23.6198,1.54728,0,0,17,3
23.6395,1.58686,0,0,16,3
23.6592,1.63415,0,0,17,3
23.6789,1.61597,0,0,17,3
23.6987,1.56529,0,0,16,3
23.7184,1.54948,0,0,17,3
23.7382,1.57751,0,0,17,3
23.758,1.62158,0,0,17,3
23.7778,1.60573,0,0,17,3
23.7976,1.58997,0,0,16,3
23.8175,1.55524,0,0,16,3
23.8373,1.56971,0,0,17,3
23.8572,1.58927,0,0,16,3
23.8771,1.60727,0,0,16,3
23.897,1.67818,0,0,16,3
23.897,1.62116,0,0,17,3
23.9169,1.65014,0,0,16,3
23.9169,1.59801,0,0,17,3
23.9368,1.62236,0,0,16,3
23.9568,1.6395,0,0,16,3
23.9568,1.60186,0,0,17,3
23.9768,1.63132,0,0,16,3
23.9968,1.63818,0,0,16,3
24.0168,1.63711,0,0,16,3
24.0368,1.64534,0,0,16,3
24.0568,1.59847,0,0,16,3
24.0769,1.58036,0,0,16,3
24.097,1.64533,0,0,16,3
24.1171,1.64727,0,0,16,3
24.1372,1.66709,0,0,16,3
24.1573,1.62511,0,0,16,3
24.1774,1.61637,0,0,16,3
24.1976,1.64754,0,0,16,3
24.2177,1.68474,0,0,16,3
24.2379,1.70311,0,0,16,3
24.2581,1.65712,0,0,16,3
24.2784,1.6328,0,0,16,3
24.2986,1.7099,0,0,16,3
24.3189,1.71118,0,0,16,3
24.3391,1.70679,0,0,16,3
24.3594,1.69383,0,0,16,3
24.3797,1.62016,0,0,16,3
24.4001,1.68567,0,0,16,3
24.4204,1.67708,0,0,16,3
24.4408,1.64955,0,0,16,3
24.4611,1.68741,0,0,16,3
24.4815,1.70921,0,0,16,3
24.5019,1.76685,0,0,16,3
24.5224,1.75547,0,0,16,3
24.5428,1.68327,0,0,16,3
24.5633,1.68609,0,0,16,3
24.5837,1.69968,0,0,16,3
24.6043,1.79188,0,0,16,3
24.6248,1.80115,0,0,16,3
24.6453,1.71557,0,0,16,3
24.6658,1.71078,0,0,16,3
24.6864,1.77214,0,0,16,3
24.707,1.84569,0,0,16,3
24.7276,1.90779,0,0,16,3
24.7482,1.80417,0,0,16,3
24.7688,1.77813,0,0,16,3
24.7895,1.77036,0,0,16,3
24.8101,1.8014,0,0,16,3
24.8308,1.86158,0,0,16,3
24.8515,1.83552,0,0,16,3
24.8722,1.78878,0,0,16,3
24.893,1.78221,0,0,16,3
24.9137,1.80061,0,0,16,3
24.9345,1.83516,0,0,16,3
24.9553,1.83615,0,0,16,3
24.9761,1.84342,0,0,16,3
24.9969,1.81317,0,0,16,3
25.0595,1.84933,0,0,15,3
25.0804,1.83228,0,0,15,3
25.1013,1.82661,0,0,15,3
25.1222,1.85672,0,0,15,3
25.1432,1.86721,0,0,15,3
25.1641,1.84149,0,0,15,3
25.1851,1.86241,0,0,15,3
25.2061,1.84642,0,0,15,3
25.2271,1.85319,0,0,15,3
25.2481,1.88775,0,0,15,3
25.2692,1.87137,0,0,15,3
25.2902,1.84344,0,0,15,3
25.3113,1.86697,0,0,15,3
25.3324,1.8759,0,0,15,3
25.3536,1.87199,0,0,15,3
25.3747,1.86585,0,0,15,3
25.3958,1.86621,0,0,15,3
25.417,1.86945,0,0,15,3
25.4382,1.87071,0,0,15,3
25.4594,1.87693,0,0,15,3
25.4806,1.86673,0,0,15,3
25.5019,1.85966,0,0,15,3
25.5232,1.87753,0,0,15,3
25.5444,1.89092,0,0,15,3
25.5657,1.90645,0,0,15,3
25.587,1.92399,0,0,15,3
25.6084,1.90457,0,0,15,3
25.6297,1.90018,0,0,15,3
25.6511,1.94149,0,0,15,3
25.6725,1.93005,0,0,15,3
25.6939,1.91235,0,0,15,3
25.7153,1.92302,0,0,15,3
25.7367,1.94462,0,0,15,3
25.7582,1.95091,0,0,15,3
25.7797,1.9425,0,0,15,3
25.8011,1.92456,0,0,15,3
25.8227,1.92339,0,0,15,3
25.8442,1.94877,0,0,15,3
25.8657,1.95204,0,0,15,3
25.8873,1.89338,0,0,15,3
25.9089,1.90675,0,0,15,3
25.9305,1.89495,0,0,15,3
25.9521,1.90953,0,0,15,3
25.9737,1.92454,0,0,15,3
25.9954,1.91417,0,0,15,3
26.0171,1.90769,0,0,15,3
26.0387,1.8994,0,0,15,3
26.0605,1.93167,0,0,15,3
26.0822,1.95039,0,0,15,3
26.1039,1.8811,0,0,15,3
26.1257,1.82446,0,0,15,3
26.1475,1.89982,0,0,15,3
26.1693,1.94979,0,0,15,3
26.1911,1.97014,0,0,15,3
26.2129,1.88143,0,0,15,3
26.2348,1.83208,0,0,15,3
26.2567,1.88085,0,0,15,3
26.2785,1.94746,0,0,15,3
26.3004,1.98557,0,0,15,3
26.3224,1.97799,0,0,15,3
26.3443,1.90825,0,0,15,3
26.3663,1.89837,0,0,15,3
26.3883,1.95229,0,0,15,3
26.4103,1.99918,0,0,15,3
26.4323,2.01095,0,0,15,3
26.4543,1.96745,0,0,15,3
26.4764,1.91607,0,0,15,3
26.4984,1.95906,0,0,15,3
26.5205,2.01299,0,0,15,3
26.5426,2.02479,0,0,15,3
26.5648,2.0281,0,0,15,3
26.5869,2.00002,0,0,15,3
26.6091,2.01273,0,0,15,3
26.6313,2.03868,0,0,15,3
26.6535,2.04492,0,0,15,3
26.6757,2.01733,0,0,15,3
26.6979,2.01921,0,0,15,3
26.7202,2.06669,0,0,15,3
26.7425,2.04307,0,0,15,3
26.7648,2.04287,0,0,15,3
26.7871,2.03827,0,0,15,3
26.8094,2.04048,0,0,14,3
26.8318,2.06096,0,0,14,3
26.8541,2.09514,0,0,15,3
26.8765,2.06253,0,0,14,3
26.8989,2.07219,0,0,15,3
26.9213,2.05063,0,0,14,3
26.9438,2.0902,0,0,15,3
26.9662,2.10459,0,0,14,3
26.9887,2.11997,0,0,14,3
27.0112,2.10752,0,0,15,3
27.0337,2.04377,0,0,15,3
27.0563,2.0837,0,0,15,3
27.0788,2.12558,0,0,15,3
27.1014,2.11351,0,0,14,3
27.124,2.04941,0,0,14,3
27.124,2.10971,0,0,15,3
27.1466,2.08049,0,0,14,3
27.1466,2.07346,0,0,15,3
27.1692,2.0622,0,0,14,3
27.1919,2.07299,0,0,14,3
27.2146,2.09523,0,0,14,3
27.2373,2.09362,0,0,14,3
27.26,2.1061,0,0,14,3
27.2827,2.15101,0,0,14,3
27.3054,2.0995,0,0,14,3
27.3282,2.11767,0,0,14,3
27.351,2.13621,0,0,14,3
27.3738,2.13551,0,0,14,3
27.3966,2.1462,0,0,14,3
27.4195,2.18423,0,0,14,3
27.4423,2.17207,0,0,14,3
27.4652,2.13291,0,0,14,3
27.4881,2.16853,0,0,14,3
27.511,2.19847,0,0,14,3
27.5339,2.17495,0,0,14,3
27.5569,2.18052,0,0,14,3
27.5799,2.18545,0,0,14,3
27.6029,2.14976,0,0,14,3
27.6259,2.13745,0,0,14,3
27.6489,2.18418,0,0,14,3
27.672,2.16027,0,0,14,3
27.695,2.15799,0,0,14,3
27.7181,2.1761,0,0,14,3
27.7412,2.16963,0,0,14,3
27.7643,2.11086,0,0,14,3
27.7875,2.1548,0,0,14,3
27.8107,2.19538,0,0,14,3
27.8338,2.14052,0,0,14,3
27.857,2.14836,0,0,14,3
27.8803,2.1979,0,0,14,3
27.9035,2.12749,0,0,14,3
27.9268,2.16792,0,0,14,3
27.9501,2.20198,0,0,14,3
27.9734,2.19873,0,0,14,3
27.9967,2.17441,0,0,14,3
28.02,2.17163,0,0,14,3
28.0434,2.16844,0,0,14,3
28.0667,2.16946,0,0,14,3
28.0902,2.26945,0,0,14,3
28.1136,2.23994,0,0,14,3
28.137,2.25424,0,0,14,3
28.1605,2.22724,0,0,14,3
28.1839,2.25737,0,0,14,3
28.2074,2.26175,0,0,14,3
28.231,2.30407,0,0,14,3
28.2545,2.34063,0,0,14,3
28.2781,2.32097,0,0,14,3
28.3016,2.26638,0,0,14,3
28.3252,2.20658,0,0,14,3
28.3488,2.30085,0,0,14,3
28.3725,2.29714,0,0,14,3
28.3961,2.30281,0,0,14,3
28.4198,2.35817,0,0,14,3
28.4435,2.28762,0,0,14,3
28.4672,2.27076,0,0,14,3
28.4909,2.27049,0,0,14,3
28.5147,2.26712,0,0,14,3
28.5384,2.29065,0,0,14,3
28.5622,2.34137,0,0,14,3
28.5861,2.32352,0,0,14,3
28.6099,2.28447,0,0,14,3
28.6337,2.33226,0,0,14,3
28.6576,2.2839,0,0,14,3
28.6815,2.27316,0,0,14,3
28.7054,2.28573,0,0,14,3
28.7293,2.28576,0,0,14,3
28.7533,2.32962,0,0,14,3
28.7773,2.29584,0,0,14,3
28.8013,2.28233,0,0,14,3
28.8253,2.22417,0,0,14,3
28.8493,2.38268,0,0,13,3
28.8733,2.34333,0,0,13,3
28.8974,2.35541,0,0,13,3
28.9215,2.39169,0,0,13,3
28.9456,2.29796,0,0,13,3
28.9698,2.2668,0,0,13,3
28.9939,2.24867,0,0,13,3
29.0181,2.20638,0,0,13,3
29.0423,2.2258,0,0,13,3
29.0665,2.29663,0,0,13,3
29.0907,2.34151,0,0,13,3
29.115,2.28687,0,0,13,3
29.1392,2.25966,0,0,13,3
29.1635,2.27436,0,0,13,3
29.1878,2.27751,0,0,13,3
29.2122,2.31477,0,0,13,3
29.2365,2.37216,0,0,13,3
29.2609,2.35114,0,0,13,3
29.2853,2.31235,0,0,13,3
29.3097,2.27302,0,0,13,3
29.3341,2.26272,0,0,13,3
29.3586,2.31013,0,0,13,3
29.3831,2.263,0,0,13,3
29.4076,2.33154,0,0,13,3
29.4321,2.31931,0,0,13,3
29.4566,2.28659,0,0,13,3
29.4812,2.26774,0,0,13,3
29.5058,2.27811,0,0,13,3
29.5304,2.28425,0,0,13,3
29.555,2.30765,0,0,13,3
29.5796,2.30301,0,0,13,3
29.6043,2.28503,0,0,13,3
29.629,2.26209,0,0,13,3
29.6537,2.27827,0,0,13,3
29.6784,2.30482,0,0,13,3
29.7031,2.30442,0,0,13,3
29.7279,2.33,0,0,13,3
29.7527,2.34265,0,0,13,3
29.7775,2.36661,0,0,13,3
29.8023,2.36357,0,0,13,3
29.8272,2.3898,0,0,13,3
29.852,2.36704,0,0,13,3
29.8769,2.34925,0,0,13,3
29.9018,2.36116,0,0,13,3
29.9267,2.33898,0,0,13,3
29.9517,2.30009,0,0,13,3
29.9767,2.35475,0,0,13,3
30.0016,2.36056,0,0,13,3
30.0267,2.26488,0,0,13,3
30.0517,2.31017,0,0,13,3
30.0767,2.34579,0,0,13,3
30.1018,2.29007,0,0,13,3
30.1269,2.34847,0,0,13,3
30.152,2.36639,0,0,13,3
30.1772,2.34041,0,0,13,3
30.2023,2.35498,0,0,13,3
30.2275,2.34689,0,0,13,3
30.2527,2.36574,0,0,13,3
30.2779,2.34355,0,0,13,3
30.3032,2.35932,0,0,13,3
30.3284,2.41976,0,0,13,3
30.3537,2.41636,0,0,13,3
30.379,2.43555,0,0,13,3
30.4044,2.44794,0,0,13,3
30.4297,2.43552,0,0,13,3
30.4551,2.39207,0,0,13,3
30.4805,2.40788,0,0,13,3
30.5059,2.42753,0,0,13,3
30.5313,2.4144,0,0,13,3
30.5568,2.45798,0,0,13,3
30.5822,2.40487,0,0,13,3
30.6077,2.43733,0,0,13,3
30.6332,2.44851,0,0,13,3
30.6588,2.38361,0,0,13,3
30.6843,2.39104,0,0,13,3
30.7099,2.4779,0,0,13,3
30.7355,2.45625,0,0,13,3
30.7612,2.47598,0,0,13,3
30.7868,2.49922,0,0,13,3
30.8125,2.45664,0,0,13,3
30.8382,2.45766,0,0,13,3
30.8639,2.44197,0,0,13,3
30.8896,2.44708,0,0,13,3
30.9153,2.51479,0,0,13,3
30.9411,2.50777,0,0,13,3
30.9669,2.47279,0,0,13,3
30.9927,2.57168,0,0,13,3
31.0186,2.47153,0,0,13,3
31.0444,2.42445,0,0,13,3
31.0703,2.498,0,0,13,3
31.0962,2.59448,0,0,13,3
31.1221,2.50999,0,0,13,3
31.1481,2.57869,0,0,12,3
31.1481,2.494,0,0,13,3
31.174,2.5836,0,0,12,3
31.2,2.5744,0,0,12,3
31.226,2.47752,0,0,12,3
31.2521,2.65815,0,0,12,3
31.2781,2.65649,0,0,12,3
31.3042,2.53474,0,0,12,3
31.3303,2.47168,0,0,12,3
31.3564,2.48774,0,0,12,3
31.3826,2.35032,0,0,12,3
31.4087,2.26389,0,0,12,3
31.4349,2.55868,0,0,12,3
31.4611,2.64242,0,0,12,3
31.4874,2.58457,0,0,12,3
31.5136,2.63517,0,0,12,3
31.5399,2.5729,0,0,12,3
31.5662,2.42828,0,0,12,3
31.5925,2.41589,0,0,12,3
31.6188,2.56803,0,0,12,3
31.6452,2.69241,0,0,12,3
31.6716,2.68953,0,0,12,3
31.698,2.63632,0,0,12,3
31.7244,2.55503,0,0,12,3
31.7508,2.50279,0,0,12,3
31.7773,2.49907,0,0,12,3
31.8038,2.57039,0,0,12,3
31.8303,2.6366,0,0,12,3
31.8569,2.67743,0,0,12,3
31.8834,2.64418,0,0,12,3
31.91,2.58566,0,0,12,3
31.9366,2.53306,0,0,12,3
31.9632,2.51694,0,0,12,3
31.9899,2.56063,0,0,12,3
32.0165,2.61251,0,0,12,3
32.0432,2.63088,0,0,12,3
32.0699,2.64032,0,0,12,3
32.0967,2.56529,0,0,12,3
32.1234,2.51494,0,0,12,3
32.1502,2.57522,0,0,12,3
32.177,2.55715,0,0,12,3
32.2038,2.52693,0,0,12,3
32.2307,2.59065,0,0,12,3
32.2576,2.61414,0,0,12,3
32.2845,2.58008,0,0,12,3
32.3114,2.59835,0,0,12,3
32.3383,2.59948,0,0,12,3
32.3653,2.58975,0,0,12,3
32.3923,2.57561,0,0,12,3
32.4193,2.60986,0,0,12,3
32.4463,2.5979,0,0,12,3
32.4733,2.65075,0,0,12,3
32.5004,2.63678,0,0,12,3
32.5275,2.68461,0,0,12,3
32.5546,2.68285,0,0,12,3
32.5817,2.64844,0,0,12,3
32.6089,2.61739,0,0,12,3
32.6361,2.64003,0,0,12,3
32.6633,2.65967,0,0,12,3
32.6905,2.65834,0,0,12,3
32.7178,2.72677,0,0,12,3
32.7451,2.71489,0,0,12,3
32.7724,2.67351,0,0,12,3
32.7997,2.66804,0,0,12,3
32.827,2.6765,0,0,12,3
32.8544,2.6855,0,0,12,3
32.8818,2.666,0,0,12,3
32.9092,2.68886,0,0,12,3
32.9366,2.70129,0,0,12,3
32.9641,2.68718,0,0,12,3
32.9916,2.73302,0,0,12,3
33.0191,2.71674,0,0,12,3
33.0466,2.73758,0,0,12,3
33.0742,2.72936,0,0,12,3
33.1017,2.68868,0,0,12,3
33.1293,2.73363,0,0,12,3
33.157,2.74863,0,0,12,3
33.1846,2.66524,0,0,12,3
33.2123,2.70886,0,0,12,3
33.2399,2.70107,0,0,12,3
33.2677,2.72309,0,0,12,3
33.2954,2.73035,0,0,12,3
33.3232,2.67564,0,0,12,3
33.3509,2.71959,0,0,12,3
33.3787,2.78857,0,0,12,3
33.4066,2.78103,0,0,12,3
33.4344,2.8023,0,0,12,3
33.4623,2.77636,0,0,12,3
33.4902,2.76404,0,0,12,3
33.5181,2.7473,0,0,12,3
33.546,2.75018,0,0,12,3
33.574,2.71231,0,0,12,3
33.602,2.76014,0,0,12,3
33.63,2.76716,0,0,12,3
33.6581,2.73475,0,0,12,3
33.6861,2.78854,0,0,12,3
33.7142,2.78573,0,0,12,3
33.7423,2.81721,0,0,12,3
33.7704,2.70781,0,0,12,3
33.7986,2.78788,0,0,12,3
33.8268,2.78698,0,0,12,3
33.855,2.77388,0,0,12,3
33.8832,2.81235,0,0,11,3
33.9114,2.85191,0,0,11,3
33.9397,2.84925,0,0,11,3
33.968,2.82212,0,0,12,3
33.9963,2.87987,0,0,12,3
34.0247,2.82661,0,0,11,3
34.053,2.8543,0,0,11,3
34.0814,2.87478,0,0,11,3
34.1098,2.91883,0,0,11,3
34.1383,2.90021,0,0,11,3
34.1667,2.88123,0,0,11,3
34.1952,2.85354,0,0,11,3
34.2237,2.86666,0,0,11,3
34.2523,2.90166,0,0,11,3
34.2808,2.9177,0,0,11,3
34.3094,2.91126,0,0,11,3
34.338,2.93235,0,0,11,3
34.3666,2.95815,0,0,11,3
34.3953,2.93344,0,0,11,3
34.424,2.93415,0,0,11,3
34.4526,2.94605,0,0,11,3
34.4814,2.96355,0,0,11,3
34.5101,2.96617,0,0,11,3
34.5389,3.01473,0,0,11,3
34.5677,3.06697,0,0,11,3
34.5965,3.07441,0,0,11,3
34.6253,3.02508,0,0,11,3
34.6542,2.96155,0,0,11,3
34.6831,2.95109,0,0,11,3
34.712,2.9629,0,0,11,3
34.7409,3.02952,0,0,11,3
34.7699,3.0568,0,0,11,3
34.7989,3.06956,0,0,11,3
34.8279,3.06852,0,0,11,3
34.8569,3.0343,0,0,11,3
34.886,2.89944,0,0,11,3
34.9151,2.84206,0,0,11,3
34.9442,2.97816,0,0,11,3
34.9733,2.93203,0,0,11,3
35.0025,2.91957,0,0,11,3
35.0317,3.03973,0,0,11,3
35.0609,3.02323,0,0,11,3
35.0901,2.95454,0,0,11,3
35.1194,2.98141,0,0,11,3
35.1486,2.99824,0,0,11,3
35.1779,3.00569,0,0,11,3
35.2073,2.99984,0,0,11,3
35.2366,3.03933,0,0,11,3
35.266,3.07726,0,0,11,3
35.2954,3.03227,0,0,11,3
35.3248,3.07346,0,0,11,3
35.3543,3.10976,0,0,11,3
35.3837,3.0845,0,0,11,3
35.4132,3.00602,0,0,11,3
35.4428,3.07469,0,0,11,3
35.4723,3.11221,0,0,11,3
35.5019,3.12693,0,0,11,3
35.5315,3.12987,0,0,11,3
35.5611,3.17989,0,0,11,3
35.5908,3.18204,0,0,11,3
35.6204,3.13696,0,0,11,3
35.6501,3.10915,0,0,11,3
35.6798,3.05168,0,0,11,3
35.7096,3.14912,0,0,11,3
35.7393,3.13551,0,0,11,3
35.7691,3.11508,0,0,11,3
35.799,3.12867,0,0,11,3
35.8288,3.11576,0,0,11,3
35.8587,3.18482,0,0,11,3
35.8886,3.1525,0,0,11,3
35.9185,3.0764,0,0,11,3
35.9484,3.13916,0,0,11,3
35.9784,3.19182,0,0,11,3
36.0084,3.13155,0,0,11,3
36.0384,3.13618,0,0,11,3
36.0685,3.15758,0,0,11,3
36.0985,3.14683,0,0,11,3
36.1286,3.16286,0,0,11,3
36.1588,3.18725,0,0,11,3
36.1889,3.11145,0,0,11,3
36.2191,3.13348,0,0,11,3
36.2493,3.15408,0,0,11,3
36.2795,3.11719,0,0,11,3
36.3097,3.12696,0,0,11,3
36.34,3.15121,0,0,11,3
36.3703,3.24678,0,0,11,3
36.4006,3.22681,0,0,11,3
36.431,3.21495,0,0,11,3
36.4613,3.08487,0,0,11,3
36.4917,3.13874,0,0,11,3